Group,Pop,ID,ENS004A,ENS004B,ENS028A,ENS028B,ENS046A,ENS046B,ENS053A,ENS053B,ENS063A,ENS063B,ENS064A,ENS064B,ENS068A,ENS068B,ENS071A,ENS071B,ENS075A,ENS075B,ENS082A,ENS082B,ENS099A,ENS099B,ENS123A,ENS123B
N1,C01,PT1,13,14,13,14,15,15,15,16,13,15,15,15,15,19,14,17,12,17,14,14,19,19,16,16
N1,C01,PT2,13,14,13,13,15,15,15,16,13,15,12,12,15,20,15,15,12,12,14,14,19,19,16,16
N1,C01,PT3,13,14,13,14,15,15,16,16,15,15,15,15,17,19,14,15,12,14,14,14,16,19,16,16
N1,C01,PT4,13,14,13,13,15,15,15,16,15,15,12,15,15,15,15,17,12,12,14,14,17,17,18,19
N1,C01,PT5,13,13,12,13,15,15,15,15,13,15,12,15,15,17,15,15,12,17,14,14,19,19,15,16
N1,C01,PT6,13,13,13,13,15,15,15,15,15,15,15,15,15,17,15,15,14,17,14,14,16,19,15,16
N1,C01,PT7,13,13,13,13,15,15,15,15,13,15,12,15,15,17,15,15,12,17,14,14,16,17,15,16
N1,C01,PT8,13,14,13,13,15,15,15,15,15,15,12,15,15,17,15,15,12,12,14,14,16,17,15,15
N1,C01,PT9,13,13,13,13,15,15,14,15,13,15,12,15,15,19,14,15,12,17,14,14,19,19,15,16
N1,C01,PT10,12,13,12,12,15,15,15,15,15,15,12,15,15,15,15,17,12,12,14,14,16,19,16,16
N1,C01,PT11,13,13,13,13,15,15,15,15,15,15,12,12,19,20,14,15,12,17,14,14,17,17,15,15
N1,C01,PT12,13,13,12,13,15,15,15,15,13,15,12,12,20,20,15,15,12,17,14,14,19,19,15,16
N1,C01,PT13,13,13,13,14,15,15,15,15,15,15,12,12,15,20,15,15,12,17,14,14,16,17,15,15
N1,C01,PT14,12,13,13,13,15,15,15,15,15,15,12,12,15,19,15,15,12,17,14,14,19,19,15,15
N1,C01,PT15,13,14,12,13,15,15,15,15,15,15,15,15,15,15,15,15,12,17,14,14,16,19,15,15
N1,C01,PT16,13,14,12,13,15,15,15,15,15,15,12,15,15,15,15,15,12,17,14,14,16,16,15,15
N1,C01,PT17,13,14,12,13,15,15,15,15,15,15,12,15,15,15,15,15,12,12,14,14,16,16,15,16
N1,C01,PT18,13,13,13,13,15,15,15,15,15,15,12,15,15,20,15,15,12,17,14,14,17,17,15,15
N1,C01,PT19,13,13,13,13,15,15,15,15,15,15,12,15,15,15,14,15,12,17,14,14,16,17,15,15
N1,C01,PT20,13,14,12,12,15,15,15,15,15,15,12,15,15,15,15,17,12,12,14,14,16,16,15,15
N1,C01,PT21,13,13,13,13,15,15,15,15,15,15,15,15,15,15,15,15,12,17,14,14,17,17,15,15
N1,C01,PT22,14,14,13,13,15,15,15,15,15,15,15,15,15,15,14,15,12,17,14,14,16,16,15,16
N1,C01,PT23,13,14,13,13,15,15,15,15,15,15,12,12,15,15,14,15,12,17,14,14,16,16,15,15
N1,C01,PT24,13,14,13,13,15,15,15,15,15,15,12,15,15,15,15,17,12,17,14,14,17,17,15,15
N1,C01,PT25,13,13,13,13,15,15,15,15,15,15,12,15,15,15,15,15,12,17,14,14,16,17,15,15
N1,C01,PT26,13,13,14,14,15,15,15,16,13,15,12,12,17,19,15,15,12,17,14,14,14,14,15,15
N1,C01,PT27,13,13,13,13,15,15,15,15,15,15,12,15,15,15,15,15,12,17,14,14,16,17,16,16
N1,C01,PT28,13,13,13,13,15,15,15,15,15,15,12,15,15,15,14,15,12,17,14,14,17,17,16,16
N1,C01,PT29,13,13,13,13,15,15,15,15,15,15,12,15,15,15,15,15,12,17,14,14,16,16,16,16
N1,C01,PT30,13,14,13,13,15,15,15,15,15,15,12,15,15,20,14,15,12,17,14,19,16,17,16,16
N1,C01,PT31,13,14,13,13,15,15,15,15,15,15,15,15,15,15,15,15,12,17,14,14,16,17,16,16
N1,C01,PT32,13,13,12,14,15,15,15,15,15,15,15,15,15,15,17,17,12,17,14,14,16,17,16,16
N1,C01,PT33,13,14,13,14,15,15,15,15,15,15,12,15,16,17,14,17,14,17,14,14,16,17,16,16
N1,C01,PT34,13,14,13,13,15,15,15,15,15,15,12,15,15,15,15,15,12,17,14,14,16,17,16,16
N1,C01,PT35,13,14,13,14,15,15,15,15,13,15,12,12,17,18,14,15,12,17,14,14,17,19,16,16
N1,C01,PT36,13,14,13,14,15,15,15,15,15,15,12,15,15,15,14,15,12,17,14,14,16,16,16,16
N1,C01,PT37,13,13,12,14,15,15,14,15,15,15,12,15,15,15,14,15,12,17,14,14,16,19,16,16
N1,C01,PT38,13,14,13,14,15,15,15,15,15,15,12,15,15,15,15,15,12,17,14,14,16,16,16,16
N1,C01,PT39,13,14,12,13,15,15,15,16,15,15,12,15,15,15,14,15,12,17,14,14,16,17,15,16
N1,C01,PT40,13,14,12,13,15,15,15,15,15,15,12,15,15,15,15,15,12,17,14,14,16,16,15,15
N1,C01,PT41,13,13,12,14,15,15,15,16,15,15,12,15,15,17,15,15,12,17,14,14,19,19,15,16
N1,C01,PT42,13,13,12,13,15,15,15,15,15,15,15,15,15,15,15,15,12,17,14,14,16,16,15,15
N1,C01,PT43,14,14,12,13,15,15,16,16,13,15,12,15,17,19,15,17,12,17,14,14,16,19,15,15
N1,C01,PT44,13,14,13,14,15,15,15,15,13,15,12,15,15,17,15,15,12,17,14,14,16,16,15,15
N1,C01,PT45,13,13,13,14,15,15,15,16,13,15,15,15,15,17,15,17,14,17,14,14,16,17,16,19
N1,C02,NB1,13,14,13,14,15,15,14,15,15,15,15,15,20,20,15,15,12,17,14,14,16,16,15,15
N1,C02,NB2,13,13,12,15,15,15,15,15,15,15,15,15,15,20,15,15,12,12,14,14,17,17,15,15
N1,C02,NB3,13,14,13,14,15,15,15,15,15,15,12,15,18,20,15,15,12,14,14,14,17,19,15,15
N1,C02,NB4,14,14,14,14,15,15,15,15,15,15,15,15,18,20,15,17,12,17,14,14,19,19,15,16
N1,C02,NB5,13,13,12,14,15,15,15,15,15,15,15,15,20,20,15,15,12,17,14,14,16,17,15,16
N1,C02,NB6,13,13,12,13,15,15,15,15,15,15,15,15,15,15,15,15,12,17,14,19,17,19,15,15
N1,C02,NB7,13,14,14,14,NA,NA,14,15,13,15,12,15,15,15,15,15,12,17,14,14,17,17,15,16
N1,C02,NB8,13,14,12,14,15,15,15,15,15,15,12,15,18,20,15,17,12,17,14,14,17,17,15,16
N1,C02,NB9,13,14,12,13,15,15,15,15,15,15,15,15,20,20,15,15,12,17,14,14,17,19,15,15
N1,C02,NB10,13,14,12,12,15,15,14,15,13,15,15,15,20,20,15,15,12,12,14,14,17,19,15,15
N1,C02,NB11,13,14,12,13,15,15,15,15,13,15,12,15,15,20,15,15,12,12,14,14,17,19,15,15
N1,C02,NB12,13,14,12,15,15,15,15,15,13,15,12,15,18,20,15,15,12,14,14,14,17,17,15,16
N1,C02,NB13,13,13,15,15,15,15,15,15,13,15,15,15,15,18,15,15,12,17,14,14,17,17,15,15
N1,C02,NB14,13,13,13,14,15,15,15,15,13,15,12,15,17,20,15,15,12,17,14,14,17,17,15,16
N1,C02,NB15,13,13,12,14,15,15,14,15,15,15,12,15,20,20,14,15,12,17,14,14,16,17,15,15
N1,C02,NB16,13,13,12,13,15,15,15,15,15,15,12,15,17,20,15,15,12,17,14,14,17,19,15,15
N1,C02,NB17,13,13,12,12,15,15,15,16,15,15,12,15,17,20,14,15,12,17,14,14,17,17,15,15
N1,C02,NB18,13,14,12,14,15,15,15,15,13,15,15,15,17,20,14,15,12,17,14,14,17,19,15,15
N1,C02,NB19,14,14,12,13,NA,NA,15,15,15,15,12,15,15,20,14,15,12,14,14,14,17,17,15,16
N1,C02,NB20,13,14,12,14,15,15,15,15,15,15,12,15,15,20,15,15,12,14,14,19,17,19,15,15
N1,C02,NB21,14,14,12,14,15,15,15,15,13,15,12,15,18,20,15,17,12,17,14,14,17,19,15,15
N1,C02,NB22,13,13,12,13,15,15,15,15,13,15,15,15,18,20,15,15,12,12,14,14,17,17,15,15
N1,C02,NB23,13,13,12,14,15,15,15,15,15,15,12,15,18,20,15,15,12,17,14,14,17,17,15,15
N1,C02,NB24,13,13,12,14,NA,NA,15,15,13,13,15,15,20,20,15,15,12,17,14,14,17,19,15,15
N1,C03,DM1,13,14,13,14,15,15,14,15,15,15,12,15,18,20,15,15,12,17,14,14,17,17,16,16
N1,C03,DM2,14,14,13,14,15,15,14,16,15,15,12,15,18,20,15,15,12,17,14,14,17,17,15,16
N1,C03,DM3,13,14,13,14,15,15,14,15,15,15,12,12,17,18,15,15,12,17,14,14,17,19,15,16
N1,C03,DM4,13,14,12,13,15,15,15,15,15,15,12,15,20,20,14,15,12,16,14,14,16,17,15,16
N1,C03,DM5,14,14,13,13,15,15,15,16,15,15,12,15,20,20,15,15,12,17,14,16,16,17,15,16
N1,C03,DM6,13,14,12,13,15,15,15,15,15,15,12,15,20,20,15,15,12,17,14,14,17,19,15,16
N1,C03,DM7,13,14,12,13,15,15,15,16,15,15,12,12,18,20,15,17,12,17,14,14,16,17,15,16
N1,C03,DM8,13,14,13,13,15,15,15,15,15,15,12,15,17,20,15,15,12,17,14,14,17,17,16,16
N1,C03,DM9,13,14,13,13,15,15,15,15,13,15,12,15,18,20,14,15,14,17,14,19,17,19,15,15
N1,C03,DM10,13,14,13,13,15,15,14,15,15,15,12,12,18,20,15,15,12,17,14,14,17,19,15,16
N1,C03,DM11,14,14,13,13,15,15,14,15,13,15,12,15,17,20,15,15,12,12,14,14,17,17,16,16
N1,C03,DM12,13,14,12,14,15,15,15,15,15,15,12,12,17,20,14,15,12,17,14,14,16,17,15,16
N1,C03,DM13,13,14,13,14,15,15,15,15,15,15,12,12,17,20,15,15,12,17,14,16,16,19,15,16
N1,C03,DM14,13,14,13,14,15,15,14,15,15,15,12,15,15,15,14,15,12,17,14,16,17,17,15,16
N1,C03,DM15,13,13,14,14,15,15,15,16,15,15,12,15,15,15,15,17,12,17,14,14,17,19,15,16
N1,C03,DM16,14,14,13,13,15,15,16,16,15,15,12,15,20,20,14,15,12,17,14,16,17,17,15,16
N1,C03,DM17,14,14,13,13,15,15,15,15,15,15,12,15,17,20,15,17,12,12,NA,NA,16,17,15,16
N1,C03,DM18,13,14,14,14,15,15,15,15,15,15,12,15,15,17,15,16,12,12,14,14,17,17,15,16
N1,C03,DM19,14,14,13,13,15,15,15,15,15,15,12,12,18,20,15,16,12,17,14,14,17,17,15,16
N1,C03,DM20,13,13,13,14,15,15,15,15,15,15,12,12,18,20,15,15,12,17,14,14,17,17,15,16
N1,C03,DM21,14,14,13,13,15,15,15,16,15,15,12,12,18,18,15,17,12,17,14,14,17,19,15,15
N1,C03,DM22,13,14,13,13,15,15,15,16,15,15,12,12,20,20,14,15,12,12,14,14,17,19,15,15
N1,C03,DM23,13,14,13,13,15,15,15,16,15,15,12,12,18,18,15,17,12,17,19,19,17,19,15,15
N1,C03,DM24,14,14,13,13,15,15,15,16,15,15,12,15,17,20,15,15,12,14,14,14,17,19,15,16
N1,C03,DM25,14,14,12,13,15,15,15,15,15,15,12,12,18,20,15,16,12,14,14,14,16,19,15,15
N1,C03,DM26,14,14,13,14,15,15,15,16,15,15,12,15,20,20,15,15,12,17,14,14,17,17,16,16
N1,C03,DM27,13,13,15,15,NA,NA,15,15,13,15,12,15,15,20,15,17,12,12,14,16,19,19,15,16
N1,C03,DM28,13,14,12,13,15,15,15,15,15,15,12,15,20,20,15,15,12,17,14,16,16,17,15,16
N1,C03,DM29,13,14,12,13,15,15,15,16,15,15,12,12,20,20,14,15,12,14,14,14,17,17,15,16
N1,C03,DM30,14,14,12,13,15,15,16,16,13,15,12,15,20,20,14,15,12,17,16,16,17,17,15,16
N1,C03,DM31,13,14,12,13,15,15,14,15,15,15,12,12,20,20,14,16,12,12,14,16,17,19,15,16
N1,C03,DM32,13,13,13,13,15,15,15,15,15,15,12,15,15,15,15,16,12,17,14,14,17,17,15,16
N1,C03,DM33,13,13,13,14,15,15,15,15,15,15,12,12,17,20,15,15,12,17,14,14,16,17,15,16
N1,C03,DM34,13,14,13,13,15,15,15,16,15,15,12,15,17,20,15,15,12,12,14,14,16,17,15,16
N1,C03,DM35,13,14,13,13,15,15,15,15,15,15,12,15,20,20,15,17,12,17,14,19,16,19,15,16
N1,C03,DM36,13,13,12,12,15,15,15,15,15,15,12,15,20,20,14,16,12,17,14,16,19,19,15,16
N1,C03,DM37,13,14,12,13,15,15,15,16,15,15,15,15,15,20,14,15,12,17,14,14,16,17,15,16
N1,C03,DM38,14,14,13,13,15,15,15,16,15,15,12,12,20,20,15,15,12,17,14,14,17,17,15,16
N1,C03,DM39,13,13,13,14,15,15,15,16,15,15,12,12,15,15,14,15,12,12,14,14,17,17,15,16
N1,C03,DM40,13,14,13,14,15,15,15,15,13,15,12,15,18,20,14,15,12,17,14,14,16,19,15,16
N1,C03,DM41,13,14,13,13,15,15,15,16,15,15,12,12,15,20,15,16,12,17,14,16,17,19,15,16
N1,C03,DM42,13,13,13,13,15,15,15,16,13,15,12,15,15,20,14,15,12,17,14,14,16,17,15,15
N1,C04,TH1,13,13,12,14,15,15,14,15,13,15,12,15,15,15,15,17,12,17,14,14,17,17,15,15
N1,C04,TH2,13,14,12,13,15,15,14,15,13,15,12,15,15,15,15,16,12,12,14,14,16,17,15,15
N1,C04,TH3,13,14,12,14,15,15,14,15,13,13,12,15,15,15,15,17,12,17,14,14,16,17,15,15
N1,C04,TH4,13,13,12,13,15,15,14,16,13,15,12,15,15,15,16,17,12,12,14,14,16,17,15,15
N1,C04,TH5,13,14,13,14,15,15,15,16,13,15,12,12,15,15,15,16,12,12,14,14,16,17,15,15
N1,C04,TH6,13,14,12,12,15,15,15,16,13,15,15,15,15,15,15,16,12,12,14,14,16,16,15,15
N1,C04,TH7,13,13,12,13,15,15,16,16,15,15,12,12,20,20,14,17,12,14,14,14,17,19,15,16
N1,C04,TH8,13,13,13,13,15,15,15,15,15,15,12,12,15,20,14,17,12,12,14,14,16,19,15,16
N1,C04,TH9,13,13,12,13,15,15,15,15,15,15,12,12,17,20,14,17,12,14,14,14,16,19,15,15
N1,C04,TH10,13,14,13,13,15,15,15,16,15,15,12,15,15,15,15,17,12,17,14,19,16,19,15,16
N1,C04,TH11,13,13,13,14,15,15,15,15,13,13,12,12,19,19,15,15,14,17,14,14,14,14,16,16
N1,C04,TH12,13,14,13,14,15,15,15,15,15,15,12,15,15,15,14,15,12,17,14,14,19,19,15,15
N1,C04,TH13,13,13,13,13,15,15,15,15,15,15,12,15,17,20,14,17,12,14,14,14,19,19,15,16
N1,C04,TH14,13,13,13,14,15,15,15,15,15,15,12,15,20,20,17,17,12,17,14,14,16,19,15,16
N1,C04,TH15,13,13,13,13,15,15,15,15,15,15,12,15,20,20,15,17,12,17,14,19,16,19,15,16
N1,C04,TH16,13,13,14,14,15,15,15,15,15,15,12,15,15,15,14,15,12,17,14,14,17,17,15,15
N1,C04,TH17,13,14,13,13,15,15,15,16,15,15,12,15,15,15,15,15,12,12,14,19,16,17,15,16
N1,C04,TH18,13,14,13,13,15,15,15,16,15,15,12,15,15,15,15,15,12,12,14,14,16,17,15,16
N1,C04,TH19,13,14,13,13,15,15,15,15,15,15,12,15,15,15,14,15,12,17,14,14,17,17,15,15
N1,C04,TH20,13,13,13,14,15,15,15,15,13,15,12,15,15,15,15,15,12,17,14,14,17,19,15,16
N1,C04,TH21,13,13,12,13,15,15,15,15,15,15,12,15,15,15,15,17,12,17,14,14,16,17,15,16
N1,C04,TH22,13,14,12,14,15,15,15,15,15,15,12,15,19,19,15,15,12,17,14,14,17,17,15,16
N1,C04,TH23,13,13,12,13,15,15,15,15,15,15,12,15,15,15,15,15,12,12,14,14,17,17,15,15
N1,C04,TH24,13,14,13,13,15,15,15,16,15,15,12,15,15,15,14,15,12,12,14,14,17,17,15,15
N1,C04,TH25,13,13,13,13,15,15,15,15,15,15,12,12,15,15,14,15,12,17,14,14,16,17,15,15
N1,C04,TH26,13,13,13,13,15,15,15,16,15,15,12,12,19,19,15,15,14,17,14,14,14,14,15,16
N1,C04,TH27,13,14,13,13,15,15,15,16,15,15,12,12,15,15,15,15,12,12,14,14,17,17,15,15
N1,C04,TH28,13,14,13,13,15,15,15,15,13,15,12,12,15,15,15,15,12,17,14,14,17,17,15,15
N1,C04,TH29,13,13,13,13,15,15,15,16,15,15,12,15,15,15,15,17,12,17,14,14,16,17,15,15
N1,C04,TH30,13,14,13,13,15,15,15,16,15,15,12,12,15,15,15,15,12,17,14,14,17,17,15,15
N1,C05,ZJJ1,13,13,13,14,15,15,15,15,15,15,12,15,20,20,15,15,14,17,14,14,16,17,16,19
N1,C05,ZJJ2,13,14,12,14,15,15,15,15,15,15,12,15,15,20,15,15,12,17,14,16,16,16,15,15
N1,C05,ZJJ3,13,13,13,14,15,15,15,16,15,15,12,12,15,15,15,15,12,17,14,16,16,17,15,15
N1,C05,ZJJ4,13,13,13,14,15,15,15,16,15,15,12,12,15,20,14,15,12,12,14,14,17,19,19,19
N1,C05,ZJJ5,13,13,13,14,15,15,15,16,15,15,12,12,15,15,14,15,12,17,14,14,17,19,15,16
N1,C05,ZJJ6,13,13,14,14,15,15,15,15,15,15,12,12,15,20,15,15,12,17,14,14,17,17,15,15
N1,C05,ZJJ7,13,13,13,14,15,15,15,16,15,15,12,12,15,20,14,15,12,12,14,14,16,17,15,15
N1,C05,ZJJ8,13,13,13,14,15,15,15,16,15,15,12,12,15,20,14,15,12,12,14,14,16,17,16,19
N1,C05,ZJJ9,13,13,13,14,15,15,15,16,15,15,12,12,15,20,14,15,12,17,14,14,17,19,16,19
N1,C05,ZJJ10,13,14,13,14,15,15,16,16,15,15,12,12,15,15,14,15,12,17,14,14,17,19,16,16
N1,C05,ZJJ11,13,13,13,14,15,15,15,15,15,15,12,15,15,20,15,15,14,17,14,14,16,17,15,15
N1,C05,ZJJ12,13,13,13,14,15,15,15,15,15,15,12,15,20,20,15,15,12,17,14,14,16,17,16,19
N1,C05,ZJJ13,13,13,13,14,15,15,15,16,15,15,12,12,15,20,14,15,12,17,14,14,17,19,16,19
N1,C05,ZJJ14,13,13,13,14,15,15,15,16,15,15,12,12,15,20,14,15,12,12,14,14,17,19,16,19
N1,C05,ZJJ15,13,13,12,12,NA,NA,15,16,15,15,12,12,15,20,14,15,12,12,14,14,17,19,15,15
N1,C05,ZJJ16,13,13,13,14,15,15,15,16,15,15,12,12,20,20,14,15,12,17,14,19,17,19,16,19
N1,K01,HA2,13,13,12,13,15,15,15,15,NA,NA,12,15,17,20,14,15,12,17,16,16,14,14,15,15
N1,K01,HA3,13,14,12,12,15,15,15,15,13,15,12,15,15,15,15,15,12,12,19,19,16,17,15,15
N1,K01,HA4,13,14,12,14,15,15,15,15,15,15,12,15,15,20,15,15,12,12,14,16,16,19,15,16
N1,K01,HA5,13,14,12,12,15,15,15,15,15,15,12,15,15,15,15,15,12,12,15,15,16,17,15,15
N1,K01,HA6,13,13,12,14,15,15,15,15,15,15,12,15,15,15,15,15,12,12,14,19,17,19,15,15
N1,K01,HA7,13,14,12,13,15,15,15,15,15,15,12,15,15,15,15,15,12,12,NA,NA,16,17,15,15
N1,K01,HA8,13,14,12,12,15,15,15,15,15,15,12,15,15,15,15,15,12,12,16,16,19,19,15,15
N1,K01,HA9,13,13,12,12,15,15,15,15,15,15,12,15,15,15,15,15,12,12,16,16,17,19,15,15
N1,K01,HA10,13,13,12,14,15,15,15,15,15,15,12,15,20,20,15,17,12,12,14,16,16,19,15,15
N1,K02,OE1,13,13,12,13,15,15,15,15,15,15,12,15,20,20,15,17,12,12,14,14,16,17,15,15
N1,K02,OE2,13,14,12,12,15,15,15,15,15,15,12,15,15,20,15,15,12,17,14,14,17,19,15,15
N1,K02,OE3,13,13,12,13,15,15,15,15,15,15,12,15,20,20,15,15,12,12,16,16,16,17,15,15
N1,K02,OE4,13,13,12,13,15,15,15,15,15,15,12,12,15,20,14,15,12,17,14,14,17,17,15,15
N1,K02,OE5,13,13,12,14,15,15,15,15,15,15,12,15,15,15,15,15,12,12,14,14,16,19,15,15
N1,K02,OE6,13,14,12,13,15,15,15,15,15,15,12,15,15,15,15,15,12,12,14,14,17,17,15,15
N1,K02,OE7,13,14,12,14,15,15,15,15,15,15,12,15,15,20,15,15,12,12,14,14,16,19,15,15
N1,K02,OE8,13,14,12,12,15,15,15,15,15,15,12,15,15,20,15,15,12,17,14,14,17,17,15,15
N1,K02,OE9,14,14,12,13,15,15,15,15,15,15,12,12,15,15,15,15,12,12,14,14,17,19,15,15
N1,K02,OE10,13,13,12,12,15,15,15,15,15,15,12,15,15,15,15,15,12,17,14,14,17,19,15,15
N1,K03,BU1,14,14,12,14,15,15,15,15,15,15,12,12,20,20,14,14,12,17,14,14,16,16,15,15
N1,K03,BU2,13,14,15,15,15,15,15,15,15,15,12,15,15,20,15,15,12,17,14,14,16,17,15,15
N1,K03,BU3,13,14,15,15,15,15,14,15,15,15,12,12,15,15,15,15,12,17,14,14,16,19,15,15
N1,K03,BU4,13,14,14,14,15,15,15,15,15,15,12,15,15,15,17,17,12,17,14,14,16,16,15,15
N1,K03,BU5,13,14,12,14,15,15,15,15,15,15,12,15,15,20,15,17,14,17,14,19,16,19,15,15
N1,K03,BU6,13,14,15,15,15,15,15,15,15,15,12,15,15,17,17,17,12,12,14,14,16,16,15,15
N1,K04,HO1,13,14,12,13,15,15,15,15,15,15,12,15,20,20,14,17,12,12,14,16,17,17,15,15
N1,K04,HO2,13,13,14,15,15,15,15,15,15,15,12,15,15,20,17,17,12,12,14,14,16,17,15,15
N1,K04,HO3,13,13,12,13,15,15,15,15,13,15,12,15,20,20,15,15,12,12,14,14,17,19,15,15
N1,K04,HO4,13,13,12,12,15,15,15,15,15,15,12,15,15,20,15,15,12,12,14,14,17,17,15,15
N1,K04,HO5,14,14,12,12,15,15,15,15,15,15,12,15,15,18,14,14,12,17,14,14,17,19,15,15
N1,K04,HO6,13,13,12,13,15,15,15,16,15,15,12,12,15,20,15,17,12,17,14,14,14,16,15,15
N1,K04,HO7,13,13,12,14,15,15,15,15,15,15,12,15,15,17,14,15,12,17,14,16,17,17,15,15
N1,K04,HO8,13,14,12,14,15,15,15,15,15,15,12,15,15,15,14,15,12,17,14,16,17,17,15,15
N1,K04,HO9,14,14,12,15,15,15,15,15,15,15,12,15,20,20,14,14,12,17,14,16,14,14,15,15
N1,K04,HO10,13,13,12,14,15,15,15,15,15,15,12,15,15,15,15,15,12,12,14,14,17,17,15,15
N1,K04,HO11,13,13,12,13,15,15,15,15,15,15,12,15,15,20,14,15,12,12,14,16,17,17,15,15
N1,K04,HO12,13,13,12,13,15,15,15,15,15,15,12,12,20,20,15,15,12,17,14,16,17,17,15,15
N1,K05,CH1,13,14,12,15,15,15,15,15,15,15,12,15,20,20,14,15,12,17,14,16,16,17,15,15
N1,K05,CH2,13,13,12,12,15,15,15,15,13,15,12,15,15,20,14,15,12,17,14,14,16,17,15,15
N1,K05,CH3,13,14,12,15,15,15,15,15,13,15,12,15,15,15,14,15,12,17,NA,NA,16,17,15,15
N1,K05,CH4,13,13,12,13,15,15,14,15,15,15,12,15,20,20,14,15,12,16,14,14,17,17,15,15
N1,K05,CH5,13,13,14,14,15,15,15,16,15,15,15,15,15,15,15,15,12,17,14,14,17,19,15,15
N1,K05,CH6,13,13,12,14,15,15,15,15,15,15,12,15,15,20,15,15,12,17,14,16,16,17,15,15
N1,K06,WA1,13,13,12,12,15,15,15,15,15,15,12,15,20,20,15,15,12,17,14,14,16,16,15,15
N1,K06,WA2,13,13,12,12,15,15,15,15,15,15,12,15,20,20,15,17,12,17,14,14,16,16,15,15
N1,K06,WA3,13,13,14,14,15,15,15,15,15,15,12,15,15,15,15,15,12,12,14,16,17,19,15,15
N1,K06,WA4,13,13,13,15,15,15,14,15,15,15,12,15,15,16,15,15,12,17,14,16,16,16,15,15
N1,K06,WA5,13,13,12,14,15,15,15,15,15,15,12,12,17,20,15,15,12,12,14,14,16,19,15,15
N1,K06,WA6,13,13,12,15,15,15,15,15,15,15,12,15,15,15,15,15,12,17,14,16,16,17,15,15
N1,K06,WA7,13,13,12,14,15,19,15,15,13,15,12,15,17,20,15,15,12,12,14,14,16,17,15,15
N1,K06,WA8,13,14,12,12,15,15,15,15,13,15,12,15,15,17,15,15,12,17,14,14,16,17,15,16
N1,K07,DU1,12,14,12,13,15,15,15,15,15,15,15,15,15,15,15,15,12,12,14,14,17,17,16,16
N1,K07,DU2,13,14,14,14,15,15,15,15,15,15,15,15,15,15,17,17,12,17,14,16,23,23,16,16
N1,K07,DU3,13,13,12,15,15,15,15,15,13,15,12,15,20,21,15,17,12,17,14,14,16,17,16,16
N1,K07,DU4,13,14,12,15,15,15,15,15,15,15,15,15,15,15,15,17,12,12,14,14,17,23,16,16
N1,K07,DU5,13,14,12,14,15,15,15,15,15,15,12,12,15,20,15,15,12,12,14,16,16,19,16,16
N1,K07,DU6,13,13,15,15,15,15,15,15,15,15,12,15,15,20,15,15,12,12,14,14,17,17,15,16
N1,K07,DU7,13,13,12,14,15,15,15,15,15,15,12,15,15,20,15,15,12,17,14,14,16,19,16,16
N1,K07,DU8,14,14,12,15,15,15,15,15,13,15,15,15,15,20,15,17,14,17,14,14,16,17,16,16
N1,K07,DU9,13,13,13,14,15,15,15,15,15,15,15,15,15,20,15,15,12,12,14,14,17,19,16,16
N1,K07,DU10,14,14,12,12,15,15,15,15,15,15,15,15,15,17,15,17,12,12,16,16,16,17,16,16
N1,K08,GE1,13,14,12,12,15,15,15,15,15,15,15,15,15,18,14,17,12,17,14,14,17,17,16,16
N1,K08,GE2,13,13,12,12,15,15,15,15,15,15,15,15,15,21,15,17,12,12,14,14,17,17,16,16
N1,K08,GE3,13,14,12,12,15,19,15,15,15,15,15,15,15,21,15,15,12,17,14,14,16,17,16,16
N1,K08,GE4,13,13,12,12,15,15,15,15,15,15,15,15,20,21,15,15,14,17,16,16,16,17,16,16
N1,K08,GE5,13,13,12,12,15,19,15,15,13,15,15,15,15,20,15,17,14,17,14,14,16,17,16,16
N1,K08,GE6,13,13,12,13,15,19,15,15,15,15,15,15,17,20,17,17,14,17,14,14,17,17,16,16
N1,K08,GE7,13,14,12,12,15,19,15,15,15,15,15,15,20,20,14,15,12,12,14,16,17,23,16,16
N1,K08,GE8,13,14,12,13,15,15,15,15,13,15,15,15,15,17,14,14,12,12,14,14,17,17,16,16
N1,K08,GE9,13,13,13,13,15,15,15,15,15,15,15,15,15,20,15,15,12,12,14,14,16,17,16,16
N1,K08,GE10,13,14,13,13,15,15,15,15,15,15,12,15,15,20,15,17,14,17,14,14,17,17,16,16
N1,K08,GE11,13,13,12,12,15,19,15,15,15,15,15,15,21,21,15,15,12,12,14,14,16,16,16,16
N1,K08,GE12,13,14,12,15,15,15,15,15,15,15,15,15,15,20,15,17,12,12,14,16,17,17,15,16
N1,K09,MR1,13,14,12,13,15,19,15,15,15,15,15,15,15,15,15,15,12,12,16,16,16,17,16,16
N1,K09,MR2,13,14,12,13,15,19,15,15,15,15,15,15,15,15,15,15,12,12,14,14,16,16,15,16
N1,K09,MR3,13,14,12,13,15,19,15,15,15,15,15,15,15,20,15,17,12,17,14,16,16,16,15,16
N1,K09,MR4,13,14,12,12,15,15,15,15,15,15,12,15,15,20,15,17,12,12,16,16,17,23,15,15
N1,K09,MR5,13,14,12,12,15,15,15,15,15,15,15,15,20,20,15,15,14,17,14,16,17,17,15,15
N1,K09,MR6,13,14,12,13,15,19,15,15,15,15,15,15,15,20,15,15,12,12,14,16,17,23,16,16
N1,K09,MR7,13,14,12,12,15,19,15,16,15,15,15,15,20,20,15,15,12,12,14,16,16,17,15,16
N1,K09,MR8,13,14,12,13,15,19,15,15,13,15,15,15,15,20,15,15,12,12,14,14,16,17,15,15
N1,K09,MR9,13,14,12,12,15,15,15,15,15,15,15,15,15,20,15,15,12,12,14,14,17,17,15,16
N1,K10,HR1,13,13,12,12,15,15,15,15,15,15,12,15,15,20,15,17,12,17,14,14,16,17,16,16
N1,K10,HR2,13,13,12,12,15,15,15,15,15,15,15,15,15,15,15,17,14,17,14,14,17,17,16,16
N1,K10,HR3,13,14,12,12,15,15,15,15,15,15,12,12,15,15,17,17,12,12,14,14,17,17,16,16
N1,K10,HR4,13,14,12,12,15,19,15,16,13,15,12,15,15,15,15,17,12,17,14,14,16,17,16,16
N1,K10,HR5,13,14,12,13,15,19,15,15,15,15,15,15,15,17,15,17,12,12,14,14,17,17,16,16
N1,K10,HR6,13,14,12,12,15,19,15,15,13,15,12,15,15,15,15,15,12,12,14,14,16,17,16,16
N1,K10,HR7,13,13,13,14,15,15,15,15,13,13,15,15,15,15,15,17,12,12,14,14,17,17,15,15
N1,K10,HR8,13,14,12,12,15,19,15,15,15,15,15,15,15,20,17,17,14,17,14,14,16,17,15,15
N1,K10,HR9,13,14,12,12,15,15,15,16,15,15,15,15,17,20,15,17,12,12,14,14,19,19,15,15
N1,K10,HR10,13,13,12,13,15,15,15,15,15,15,15,15,15,15,15,17,12,12,14,14,17,17,15,16
N1,K11,TA1,13,13,12,12,15,19,15,15,15,15,12,12,15,20,15,15,14,17,14,14,19,19,15,15
N1,K11,TA2,13,13,12,12,15,19,14,14,13,15,13,13,15,15,15,17,14,17,14,16,19,19,15,15
N1,K11,TA3,13,13,12,12,15,19,14,15,15,15,12,15,17,20,15,15,14,17,14,16,19,19,15,15
N1,K11,TA4,13,13,12,12,15,19,14,15,15,15,12,12,15,15,15,15,14,17,14,16,19,19,15,16
N1,K11,TA5,13,14,12,12,15,19,15,15,15,15,12,15,15,15,15,15,14,17,14,16,17,19,15,15
N1,K11,TA6,13,13,12,12,19,19,14,15,15,15,12,15,15,20,15,15,14,17,19,19,19,19,15,15
N1,K11,TA7,13,13,12,12,15,15,15,15,15,15,13,13,15,15,14,15,12,17,16,16,17,19,15,15
N1,K11,TA8,13,13,12,12,15,19,14,15,15,15,12,12,15,15,15,15,12,17,14,16,19,19,15,15
N1,K11,TA9,13,14,12,12,19,19,14,15,15,15,12,12,19,20,15,15,14,17,14,14,19,23,15,15
N1,K11,TA10,13,13,12,12,15,19,15,15,15,15,12,12,20,20,15,15,14,17,14,16,19,19,15,15
N1,K11,TA11,13,13,12,12,15,15,15,15,15,15,12,15,15,20,15,15,14,17,14,14,19,19,15,15
N1,K12,KJE1,13,14,12,12,15,15,15,15,15,15,12,12,15,15,15,15,12,12,14,14,17,17,15,15
N1,K12,KJE2,13,14,12,14,15,15,15,15,15,15,12,15,15,15,15,15,12,14,14,14,16,19,15,15
N1,K12,KJE3,12,12,12,13,15,15,15,15,15,15,12,15,16,20,15,15,12,12,14,16,17,19,15,15
N1,K12,KJE4,13,13,12,14,15,15,15,15,15,15,12,12,15,20,15,15,12,17,14,16,19,19,15,15
N1,K12,KJE5,13,14,12,12,15,15,15,15,13,15,12,15,17,20,15,15,12,14,14,16,19,19,15,15
N1,K12,KJE6,13,14,12,14,15,15,15,15,15,15,12,15,17,20,15,15,12,12,14,16,16,17,15,15
N1,K12,KJE7,13,13,12,14,15,15,15,16,15,15,12,15,14,18,14,15,12,14,14,14,19,19,15,15
N1,K12,KJE8,13,13,12,12,15,15,15,15,15,15,12,15,18,18,15,15,12,17,14,14,19,19,15,15
N1,K12,KJE9,13,14,12,12,15,15,15,16,15,15,12,12,15,18,14,15,12,12,14,14,17,19,15,15
N1,K12,KJE10,13,14,12,12,15,15,15,15,15,15,12,15,18,18,14,15,12,14,14,14,19,19,15,15
N1,K12,KJE11,13,13,12,13,15,15,15,15,15,15,12,12,15,15,15,15,12,17,14,14,19,19,15,15
N1,K12,KJE12,13,13,13,14,15,15,15,15,13,15,12,15,15,15,15,15,12,17,14,14,17,19,15,15
N1,K12,KJE13,13,14,12,14,15,15,15,15,15,15,12,15,15,18,15,17,12,17,14,14,17,19,15,15
N1,K12,KJE14,13,13,12,13,15,15,16,17,13,15,12,15,15,20,15,15,12,12,14,14,17,17,15,15
N1,K12,KJE15,13,13,12,13,15,15,15,16,15,15,12,15,15,20,15,15,12,12,14,14,17,17,15,15
N1,K12,KJE16,14,14,12,13,15,15,15,16,13,15,12,12,18,20,15,15,12,12,14,14,19,19,15,15
N1,K12,KJE17,13,13,12,14,15,15,14,15,15,15,12,12,15,20,14,15,12,14,14,14,19,19,15,15
N1,K12,KJE18,13,14,12,12,15,15,15,16,13,15,15,15,18,20,15,15,12,12,14,16,17,19,15,15
N1,K12,KJE19,13,14,12,14,15,15,15,15,15,15,12,12,15,18,15,17,12,17,14,16,17,19,15,15
N1,K12,KJE20,13,13,12,13,15,15,15,16,15,15,12,15,16,18,14,15,12,14,14,14,19,19,15,15
N1,K12,KJE21,13,13,13,14,15,15,14,15,13,15,12,15,15,18,14,15,12,12,14,14,19,19,15,15
N1,K12,KJE22,13,14,12,12,15,15,15,15,15,15,12,15,15,16,14,15,12,14,14,19,19,19,15,15
N1,K12,KJE23,13,13,13,14,15,15,15,15,15,15,12,12,15,15,15,15,12,17,14,16,17,19,15,15
N1,K12,KJE24,13,13,13,14,15,15,15,15,15,15,12,15,17,18,15,15,12,17,16,16,17,17,15,15
N1,K12,KJE25,14,14,12,13,15,15,15,15,15,15,12,12,15,18,15,15,12,17,14,14,19,19,15,15
N1,K12,KJE26,12,13,12,13,15,15,15,15,15,15,12,12,16,16,15,15,12,17,14,14,19,19,15,15
N1,K12,KJE27,13,13,12,14,15,15,14,16,13,15,12,12,15,20,15,15,12,17,14,14,19,19,15,15
N1,K12,KJE28,13,13,12,14,15,15,15,15,15,15,12,12,15,17,15,15,12,17,14,14,17,19,15,15
N1,K12,KJE29,13,13,12,13,15,15,15,15,15,15,12,15,18,18,15,15,12,17,14,19,17,19,15,15
N1,K12,KJE30,12,13,12,12,15,15,15,15,15,15,12,15,15,15,15,17,12,14,14,14,19,19,15,15
N1,K12,KJE31,13,13,12,14,15,15,15,15,13,15,12,12,15,15,15,17,12,14,14,14,19,19,15,15
N1,K12,KJE32,13,13,13,14,15,15,15,15,13,15,12,12,15,17,15,15,12,12,14,14,17,19,15,15
N1,K12,KJE33,13,14,13,14,15,15,15,16,15,15,12,15,15,15,15,17,12,12,14,14,17,19,15,15
N1,K12,KJE34,13,13,12,12,15,15,15,16,15,15,12,12,15,18,15,15,12,17,14,14,17,19,15,15
N1,K12,KJE35,13,13,12,12,15,15,15,15,15,15,12,12,20,20,15,15,12,17,14,16,17,19,15,15
N1,K14,AN1,13,14,12,13,15,15,15,16,15,15,12,12,15,20,14,15,12,17,14,14,17,17,15,16
N1,K14,AN2,12,14,12,14,15,15,15,15,15,15,12,15,15,20,15,15,12,17,14,14,16,19,16,16
N1,K14,AN3,13,13,12,12,15,15,15,16,15,15,12,12,15,20,15,17,12,17,14,14,16,16,15,16
N1,K14,AN4,14,14,12,14,15,15,15,16,15,15,12,12,15,20,15,17,12,17,14,14,16,17,16,16
N1,K14,AN5,13,14,12,14,15,15,15,16,15,15,12,12,15,20,15,17,12,14,14,14,16,19,15,16
N1,K14,AN6,13,14,14,14,15,15,16,16,15,15,12,15,15,20,14,17,12,12,14,16,17,17,15,16
N1,K14,AN7,13,14,12,14,15,15,15,15,15,15,12,15,15,18,15,15,12,12,16,16,17,17,15,15
N1,K14,AN8,13,14,12,12,15,15,15,16,15,15,12,15,15,15,15,15,12,17,14,14,19,19,15,15
N1,K14,AN9,13,14,12,13,15,15,15,15,15,15,12,12,15,15,15,17,12,17,14,14,17,19,15,15
N1,K14,AN10,13,13,13,14,15,15,15,16,15,15,15,15,15,20,15,17,12,12,14,14,17,19,15,15
N1,K14,AN11,13,13,12,13,15,15,15,15,15,15,15,15,20,20,15,15,12,17,14,16,19,19,15,15
N1,K14,AN12,13,13,13,13,15,15,15,15,15,15,15,15,18,20,15,17,12,14,14,16,17,19,15,15
N1,K14,AN13,13,14,12,14,15,15,15,16,15,15,12,15,15,18,15,17,12,17,14,16,17,19,15,15
N1,K14,AN14,13,13,12,13,15,15,15,15,15,15,12,15,15,18,15,15,12,17,14,14,19,19,15,15
N1,K14,AN15,12,14,12,12,15,15,15,16,15,15,15,15,18,20,15,15,12,17,14,14,17,19,15,15
N1,K14,AN16,13,14,13,14,15,15,16,16,15,15,12,12,15,20,15,17,12,17,14,16,17,19,15,15
N1,K14,AN17,13,13,12,12,15,15,15,16,15,15,12,12,15,20,15,17,12,17,14,14,16,16,15,15
N1,K14,AN18,13,14,12,13,15,15,15,16,15,15,12,15,20,20,15,15,12,17,14,16,19,19,15,15
N1,K15,SI1,13,13,12,13,15,15,15,15,15,15,12,15,15,20,14,15,12,17,14,16,17,19,15,16
N1,K15,SI2,13,14,12,12,15,15,15,15,15,15,12,12,15,17,15,15,12,17,14,14,19,19,15,16
N1,K15,SI3,13,13,12,13,15,15,15,15,15,15,12,15,15,15,15,15,12,14,14,14,17,19,15,16
N1,K15,SI4,13,14,12,14,15,15,15,16,15,15,12,15,15,15,15,17,12,12,14,16,16,16,15,15
N1,K15,SI5,13,14,12,13,15,15,15,15,15,15,12,15,15,15,14,17,12,12,14,14,17,19,15,16
N1,K15,SI6,13,13,12,14,15,15,15,16,15,15,12,15,15,18,15,17,12,17,14,16,17,19,15,15
N1,K15,SI7,13,14,12,12,15,15,15,16,15,15,12,15,20,20,15,15,12,14,14,14,17,17,15,15
N1,K15,SI8,13,13,12,14,15,15,15,16,15,15,12,15,20,20,15,15,12,17,14,14,17,19,15,16
N1,K15,SI9,13,14,12,13,15,15,15,15,15,15,12,12,15,20,14,15,12,17,14,14,17,17,15,16
N1,K15,SI10,13,14,12,12,15,15,15,16,15,15,12,15,15,20,15,17,12,17,14,14,16,17,15,15
N1,K15,SI11,13,14,12,13,15,15,15,16,15,15,12,15,15,15,17,17,12,17,14,14,17,17,15,15
N1,K15,SI12,13,14,12,13,15,15,15,15,15,15,12,12,15,15,14,14,12,17,14,14,19,19,16,16
N1,K16,CS1,14,14,12,14,15,17,15,15,13,15,12,15,20,20,14,15,12,17,14,14,16,19,15,16
N1,K16,CS2,13,13,12,13,15,15,15,15,15,15,12,15,15,17,14,15,12,12,14,14,17,17,15,15
N1,K16,CS3,13,14,13,14,15,15,15,16,13,15,12,15,15,15,14,15,12,17,14,14,16,19,15,16
N1,K16,CS4,13,13,12,13,15,15,15,16,15,15,12,15,15,17,15,17,12,12,14,16,17,19,15,16
N1,K16,CS5,13,13,13,13,15,15,15,16,15,15,15,15,15,15,14,15,12,17,14,14,17,19,15,16
N1,K16,CS6,13,14,12,14,15,19,15,16,15,15,12,12,15,15,17,17,12,17,14,14,16,17,15,16
N1,K16,CS7,13,14,13,15,15,15,15,15,15,15,12,15,15,20,15,15,17,17,14,14,17,19,15,16
N1,K16,CS8,13,14,12,12,15,15,15,16,15,15,15,15,15,15,15,17,12,14,14,16,16,17,15,16
N1,K16,CS9,13,14,13,14,15,19,15,15,15,15,12,12,16,20,14,17,12,12,14,16,17,17,15,16
N1,K16,CS10,13,13,12,12,15,15,15,16,15,15,12,15,15,20,15,15,14,14,14,14,19,19,15,16
N1,K16,CS11,13,13,12,12,15,15,15,16,13,15,12,15,15,15,14,15,12,17,14,14,17,17,15,16
N1,K16,CS12,14,14,12,14,15,15,15,16,15,15,15,15,15,20,14,15,12,17,14,14,17,19,15,16
N1,K16,CS13,13,14,12,12,15,15,15,16,15,15,12,15,15,20,15,17,12,14,16,16,17,17,15,16
N1,K16,CS14,13,14,12,13,15,15,15,16,15,15,15,15,15,20,15,17,12,17,14,16,17,17,15,16
N1,K16,CS15,13,13,12,12,15,15,15,16,15,15,15,15,15,18,15,15,12,12,14,16,17,19,15,16
N1,K16,CS16,14,14,13,14,15,15,15,15,15,15,12,15,15,15,17,17,12,17,14,16,16,17,15,16
N1,K16,CS17,13,13,12,13,15,15,15,16,15,15,12,15,15,17,15,17,12,17,14,16,17,19,15,16
N1,K16,CS18,13,13,13,13,15,15,15,15,15,15,15,15,16,20,14,17,12,17,14,14,19,19,15,16
N1,J11,JE1,14,14,13,13,15,15,15,15,13,15,15,15,15,20,14,17,12,17,14,14,16,17,15,16
N1,J11,JE2,13,14,14,14,15,15,14,15,15,15,12,15,15,20,15,15,14,17,14,14,17,17,15,16
N1,J11,JE3,13,13,14,14,15,15,15,15,15,15,12,15,20,20,15,15,14,17,14,14,17,17,15,16
N1,J11,JE4,13,14,14,14,15,15,15,16,15,15,12,12,20,20,15,17,12,17,14,14,17,17,15,16
N1,J11,JE5,13,14,13,14,15,15,15,15,15,15,12,15,17,19,15,15,12,17,16,16,17,17,15,16
N1,J11,JE6,13,14,13,14,15,15,15,15,15,15,12,15,17,19,15,15,12,17,16,16,17,17,15,16
N1,J11,JE7,13,13,13,13,15,15,15,16,15,15,12,15,15,17,15,15,12,12,14,14,17,19,15,15
N1,J11,JE8,14,14,12,14,15,15,14,15,15,15,12,12,15,15,15,15,14,17,14,16,16,16,15,16
N1,J11,JE9,13,13,12,13,NA,NA,15,16,15,15,12,12,19,19,15,15,12,17,14,16,17,17,15,15
N1,J11,JE10,14,14,12,14,15,15,15,16,15,15,12,12,15,20,15,15,12,17,14,14,16,17,15,15
N1,J11,JE11,13,13,13,13,15,15,15,16,15,15,12,12,15,20,15,15,12,14,14,14,17,19,15,16
N1,J11,JE12,13,14,14,14,15,15,14,14,15,15,12,15,20,20,14,17,12,17,14,16,17,19,15,16
N1,J11,JE13,14,14,13,14,15,15,15,15,15,15,12,12,17,17,15,15,14,17,14,14,14,17,15,16
N1,J11,JE14,13,13,14,14,15,15,16,16,15,15,12,12,18,20,14,17,14,17,14,14,16,16,15,16
N1,J11,JE15,13,13,14,15,15,15,16,16,15,15,12,15,15,17,15,15,14,17,14,14,14,16,16,16
N1,J11,JE16,13,14,13,14,NA,NA,15,15,13,15,12,12,20,20,15,17,12,17,19,19,17,17,15,16
N1,J12,OK1,13,13,14,15,15,15,15,15,15,15,12,12,15,17,14,15,12,14,14,14,14,14,15,16
N1,J12,OK2,13,14,13,14,15,15,15,16,15,15,12,12,17,21,15,15,12,12,14,14,19,19,15,15
N1,J12,OK3,13,13,13,14,19,19,15,15,15,15,12,15,17,20,15,15,12,17,14,14,16,19,15,15
N1,J12,OK4,13,14,13,14,NA,NA,16,16,15,15,12,12,18,20,15,15,14,17,14,14,16,17,15,15
N1,J12,OK5,13,13,13,14,15,15,15,16,15,15,12,12,15,20,15,15,12,17,14,14,14,17,16,16
N1,J12,OK6,13,13,12,13,15,15,15,16,13,15,12,12,17,20,15,17,12,17,14,14,19,19,16,16
N1,J12,OK7,13,14,13,14,15,15,15,16,15,15,12,15,17,20,15,17,14,17,14,14,19,19,15,15
N1,J12,OK8,13,13,13,13,15,15,15,15,15,15,12,12,20,20,15,16,14,17,14,14,17,19,16,16
N1,J12,OK9,13,13,14,14,15,15,15,15,15,15,12,12,17,20,16,16,12,12,14,14,14,16,15,16
N1,J12,OK10,12,13,13,15,15,15,15,15,15,15,12,12,17,19,15,15,14,17,14,14,14,14,15,16
N1,J12,OK11,12,13,13,15,15,15,15,15,15,15,12,12,19,19,15,15,14,17,14,14,14,14,16,16
N1,J13,JG1,13,13,13,14,15,15,15,15,15,15,12,15,18,18,14,15,14,17,16,16,17,17,16,16
N1,J13,JG2,13,14,13,13,15,15,15,15,15,15,12,12,17,19,15,17,12,17,14,14,17,19,16,16
N1,J13,JG3,13,13,12,13,15,15,14,15,15,15,12,12,17,19,15,15,14,17,14,14,17,17,15,16
N1,J13,JG4,13,13,13,13,15,15,15,16,15,15,12,15,19,19,15,17,14,17,14,14,17,19,16,16
N1,J13,JG5,13,14,13,14,15,15,15,15,15,15,12,12,17,20,17,17,14,17,14,14,17,17,15,16
N1,J13,JG6,13,14,13,14,15,15,15,16,15,15,12,15,17,19,15,17,14,17,14,14,17,19,15,16
N1,J13,JG7,13,13,13,14,19,19,15,16,15,15,12,12,15,18,14,15,12,12,14,14,16,19,15,16
N1,J13,JG8,13,14,13,13,15,15,14,15,13,15,12,15,16,17,17,17,12,12,14,14,19,19,16,16
N1,J13,JG9,13,13,14,14,15,15,15,15,15,15,12,12,19,20,15,15,14,17,14,14,17,19,15,16
N1,J14,GO1,12,13,13,14,15,15,14,15,13,15,12,12,17,18,15,17,12,14,14,14,19,19,15,16
N1,J14,GO2,13,13,13,15,15,15,15,15,15,15,12,12,17,18,15,15,14,17,14,14,16,17,16,16
N1,J14,GO3,12,13,14,14,15,15,15,16,15,15,12,12,15,20,15,15,12,14,14,14,16,17,15,15
N1,J14,GO4,13,13,13,14,19,19,14,15,15,15,12,15,17,21,15,15,12,14,14,14,16,17,15,16
N1,J14,GO5,12,13,13,13,17,17,14,14,13,15,12,15,18,20,15,17,12,14,NA,NA,16,19,15,16
N1,J14,GO6,13,13,13,13,15,17,14,16,13,15,12,12,17,18,15,17,12,14,NA,NA,14,16,15,16
N1,J15,AC1,12,13,13,14,15,15,14,15,15,15,12,12,16,17,15,15,14,17,14,14,16,19,15,15
N1,J15,AC2,13,14,14,14,15,15,15,16,15,15,12,12,15,17,15,15,12,14,14,14,14,17,15,15
N1,J15,AC3,13,13,12,13,15,15,15,15,15,15,12,12,15,17,15,15,12,17,14,14,19,19,15,15
N1,J15,AC4,12,13,13,14,15,19,15,16,15,15,12,12,15,21,15,15,12,14,14,14,16,17,15,16
N1,J15,AC5,12,13,13,14,15,19,15,16,15,15,12,12,15,21,15,15,12,14,14,14,16,17,15,16
N1,J15,AC6,12,13,13,13,15,19,16,16,15,15,12,12,15,22,15,16,12,14,14,14,17,17,15,15
N1,J15,AC8,13,13,13,14,15,15,14,15,15,15,12,12,18,19,15,17,14,17,14,14,18,18,15,16
N1,J15,AC9,13,13,13,13,19,19,15,16,NA,NA,15,15,15,21,15,15,12,14,14,14,16,16,15,15
N1,J15,AC10,13,13,13,13,15,15,15,16,15,15,12,12,20,21,15,17,12,14,14,16,16,17,15,15
N1,J19,SH1,13,14,13,13,15,15,15,15,15,15,12,15,15,20,15,15,12,12,14,14,17,17,15,15
N1,J19,SH2,14,14,13,13,15,15,14,15,15,15,12,12,17,18,14,17,12,14,14,14,16,17,15,15
N1,J19,SH3,13,14,12,13,15,15,15,15,15,15,15,15,15,21,14,17,12,12,14,14,14,17,15,15
N1,J19,SH4,13,14,13,13,19,19,15,15,15,15,12,15,17,21,14,15,12,17,14,14,16,17,15,15
N1,J19,SH5,12,14,13,13,15,15,15,15,15,15,12,12,18,21,15,17,12,17,14,14,17,17,15,15
N1,J19,SH6,13,14,13,13,15,15,15,15,15,15,15,15,17,21,14,15,12,14,14,16,19,19,15,15
N1,J19,SH7,13,14,13,13,15,15,15,15,13,15,12,15,18,21,15,17,12,14,14,14,16,17,15,15
N1,J19,SH8,13,14,13,13,15,15,15,15,15,15,12,15,17,21,14,17,12,14,14,16,17,19,15,15
N1,J19,SH9,13,14,13,15,15,15,15,15,15,15,12,12,18,21,15,17,12,12,14,14,16,16,15,15
N1,J19,SH10,13,13,12,13,15,15,15,15,13,15,12,15,15,15,15,15,12,17,14,14,17,17,15,15
N1,J19,SH11,13,13,13,15,15,15,15,15,13,15,15,15,15,18,15,15,12,17,14,14,16,17,15,16
N1,J19,SH12,13,14,12,13,15,15,15,15,13,15,12,12,15,21,14,17,12,17,14,14,16,19,15,15
N1,J20,JH1,13,14,12,13,15,15,15,15,15,15,15,15,15,20,14,17,12,12,14,14,16,17,15,15
N1,J20,JH2,13,14,14,14,15,15,14,15,15,15,12,15,15,20,15,15,14,17,14,14,17,17,15,16
N1,J20,JH3,13,13,14,14,15,15,15,15,15,15,12,15,20,20,15,15,14,17,14,14,17,17,15,16
N1,J20,JH4,13,14,13,13,15,15,15,16,15,15,12,15,17,20,15,17,14,17,14,14,16,16,15,16
N1,J20,JH5,13,13,13,13,15,15,15,15,15,15,15,15,17,20,15,17,14,17,14,14,17,17,15,15
N1,J20,JH6,13,14,13,14,15,15,15,15,15,15,12,15,17,19,15,15,12,17,16,16,17,17,15,16
N1,J20,JH7,13,14,15,15,15,15,14,15,15,15,12,15,15,15,15,17,12,12,NA,NA,16,17,15,15
N1,J20,JH8,14,14,13,14,15,19,15,15,15,15,12,15,17,20,14,17,12,14,14,14,14,17,15,15
N1,J20,JH9,13,13,12,13,NA,NA,15,16,13,15,12,12,19,19,15,15,12,17,14,16,17,17,15,15
N1,J20,JH10,13,14,12,13,15,15,15,15,13,15,12,15,15,15,15,17,12,14,14,14,16,17,15,15
N1,J20,JH11,13,14,13,13,15,15,15,15,13,15,12,12,14,20,15,15,14,17,14,14,14,17,15,15
N1,J21,JF1,13,14,13,13,15,15,14,15,15,15,12,15,15,18,14,15,12,14,14,16,16,17,15,15
N1,J21,JF2,12,14,13,14,15,15,15,15,15,15,15,15,17,17,15,15,14,17,14,14,16,17,15,16
N1,J21,JF3,13,14,12,14,15,15,15,15,13,15,12,15,15,15,14,15,12,17,14,14,17,19,16,16
N1,J21,JF4,14,14,12,13,15,15,15,15,15,15,12,15,15,17,14,15,12,17,14,14,14,17,15,16
N1,J21,JF5,14,14,12,13,15,15,15,15,13,15,15,15,20,20,15,17,12,17,14,14,17,17,16,16
N1,J21,JF6,13,13,13,13,15,15,15,16,13,15,15,15,15,15,14,17,12,17,14,14,17,19,15,15
N1,J21,JF7,13,14,13,13,15,15,15,16,13,15,12,15,17,19,15,15,12,12,14,14,17,17,15,15
N1,J21,JF8,13,14,13,14,15,15,15,15,13,15,12,15,18,19,15,15,12,17,14,16,16,16,15,15
N1,J21,JF9,14,14,12,13,15,15,15,15,15,15,12,15,15,17,15,17,12,12,14,14,16,19,15,15
N1,J21,JF10,13,13,13,13,15,19,15,15,15,15,12,12,15,15,15,15,12,17,14,14,17,17,15,15
N1,J21,JF11,13,14,13,13,15,15,15,15,15,15,12,12,17,20,15,17,12,14,14,14,16,17,15,16
N1,J21,JF12,13,14,13,14,15,19,14,15,13,13,12,12,17,17,15,17,14,17,14,14,14,14,15,15
N1,J21,JF13,13,14,13,13,15,19,15,15,15,15,12,15,17,20,15,17,12,17,14,16,16,17,15,16
N1,J21,JF14,13,14,13,13,15,15,15,15,13,15,15,15,20,20,17,17,12,17,14,14,17,17,15,16
N1,J21,JF15,13,13,13,14,15,15,14,15,15,15,12,15,18,20,15,17,17,17,14,16,17,19,15,15
N1,J21,JF16,13,14,13,13,15,15,15,15,15,15,15,15,20,20,17,17,12,17,14,14,17,17,15,16
N1,J21,JF17,13,14,13,13,15,19,15,15,15,15,12,12,14,20,14,15,14,17,14,16,16,17,15,16
N1,J21,JF18,13,14,13,13,15,15,15,16,15,15,12,15,17,18,14,15,12,12,14,14,14,17,15,16
N1,J21,JF19,13,13,13,13,15,15,15,15,15,15,12,12,18,20,15,17,14,17,14,16,17,19,15,15
N1,J22,JD1,12,13,13,13,NA,NA,15,15,13,13,12,12,18,18,15,15,14,17,14,14,17,17,15,16
N1,J22,JD2,14,14,12,13,15,15,15,15,15,15,12,15,19,20,15,17,12,14,14,14,17,17,15,15
N1,J22,JD3,14,14,12,13,15,15,15,15,15,15,12,12,15,17,14,15,12,14,14,16,17,17,15,15
N1,J22,JD4,13,14,13,13,15,15,15,15,15,15,12,15,20,20,15,15,14,17,19,19,17,17,15,15
N1,J22,JD5,13,13,13,15,NA,NA,15,16,15,15,12,15,19,19,15,15,12,17,14,14,17,23,15,15
N1,J22,JD6,13,13,12,12,15,15,15,15,15,15,12,12,16,20,15,17,12,17,14,14,16,17,15,15
N1,J22,JD7,14,14,12,13,15,15,15,15,15,15,15,15,15,17,14,15,14,17,14,14,14,17,15,15
N1,J22,JD8,13,14,13,14,15,15,15,15,13,15,12,12,15,17,15,17,14,17,14,14,17,17,15,16
N1,J22,JD9,14,14,12,12,15,15,15,16,15,15,12,15,17,20,17,17,14,14,14,14,17,17,15,16
N1,J22,JD10,13,14,13,13,15,15,15,15,15,15,12,12,15,15,15,17,14,17,NA,NA,17,17,15,15
N1,J22,JD11,13,14,13,13,NA,NA,14,15,15,15,12,15,15,15,14,17,12,14,16,19,17,17,15,15
N1,J22,JD12,14,14,13,13,15,19,15,15,15,15,12,15,15,19,14,17,12,14,14,14,16,16,15,15
N1,J22,JD13,13,14,13,13,15,15,15,15,13,15,12,12,17,20,14,17,14,17,14,16,16,17,15,15
N1,J22,JD14,13,14,13,13,15,15,14,15,15,15,12,15,19,20,15,15,12,17,14,14,16,17,15,15
N1,J22,JD15,14,14,12,13,15,15,14,15,15,15,12,12,15,20,14,14,12,14,14,14,17,17,15,15
N1,J22,JD16,14,14,13,13,15,15,15,15,15,15,12,15,15,15,15,17,14,17,14,14,16,17,15,16
N1,J22,JD17,13,13,13,13,NA,NA,15,16,15,15,12,15,15,18,15,15,12,12,14,14,16,17,15,16
N1,J23,KOS1,13,13,13,13,15,15,14,15,15,15,12,15,17,20,15,17,12,17,14,14,16,17,15,15
N1,J23,KOS2,12,14,12,13,15,15,15,16,15,15,15,15,15,15,15,17,12,12,14,14,16,17,15,15
N1,J23,KOS3,13,14,13,13,15,15,15,16,15,15,15,15,21,21,15,17,12,14,14,14,17,17,15,15
N1,J23,KOS4,13,13,13,13,15,15,14,15,15,15,12,15,15,21,15,15,12,17,14,14,17,17,15,15
N1,J23,KOS5,13,14,13,13,15,15,15,16,15,15,12,12,17,17,14,14,12,12,14,14,16,17,15,15
N1,J23,KOS6,13,13,13,13,15,19,14,15,13,15,15,15,17,21,14,17,12,14,14,16,17,17,15,16
N1,J23,KOS7,14,14,12,13,15,15,15,15,NA,NA,12,12,15,15,14,17,12,17,NA,NA,16,16,15,15
N1,J24,KUM1,13,13,13,13,15,15,15,15,13,15,15,15,15,15,15,15,17,17,14,16,14,16,15,15
N1,J24,KUM2,13,14,12,13,15,15,15,16,13,15,15,15,15,15,15,15,12,12,14,14,14,16,15,15
N1,J24,KUM3,13,13,12,13,15,15,14,15,15,15,12,15,15,17,15,15,12,17,14,14,14,14,15,15
N1,J24,KUM4,13,13,12,13,15,19,15,15,15,15,12,15,15,19,15,15,12,12,14,16,14,17,15,15
N1,J24,KUM5,13,13,13,13,NA,NA,15,15,13,15,12,15,15,17,15,15,17,17,14,14,14,16,15,15
N1,J24,KUM6,13,13,13,13,15,19,15,16,15,15,12,15,19,20,15,17,12,17,16,16,16,16,16,16
N1,J24,KUM7,13,13,12,13,15,19,15,15,13,15,12,15,15,19,15,15,12,12,16,16,14,17,15,16
N1,J24,KUM8,13,13,13,13,15,19,15,16,13,15,12,15,15,19,15,17,12,12,16,16,14,17,15,15
N1,J24,KUM9,13,14,12,14,15,15,15,15,13,15,15,15,15,17,15,17,17,17,16,16,16,17,15,15
N1,J24,KUM10,13,13,13,14,15,15,15,15,15,15,15,15,15,15,14,15,12,12,14,14,16,17,15,15
N1,J24,KUM11,13,13,12,13,15,15,14,15,15,15,15,15,15,20,15,17,12,12,14,16,16,17,15,15
N1,J24,KUM12,13,13,13,13,15,19,15,16,13,15,15,15,15,17,15,15,12,12,19,19,17,17,15,15
N1,J24,KUM13,13,14,12,12,15,15,15,15,15,15,15,15,17,19,15,15,12,17,14,14,16,17,15,15
N1,J24,KUM14,12,13,12,13,15,15,15,15,13,15,12,15,15,17,15,15,17,17,14,14,16,17,15,15
N1,J24,KUM15,13,13,13,13,15,15,15,15,15,15,12,15,15,15,15,15,12,17,16,16,16,17,15,15
N1,J25,KA1,13,14,12,12,15,15,15,16,13,15,12,15,15,17,15,15,12,12,14,14,17,19,15,15
N1,J25,KA2,13,13,14,14,NA,NA,15,15,13,15,12,15,19,20,17,17,12,12,14,14,14,19,15,15
N1,J25,KA3,13,13,13,14,NA,NA,15,15,15,15,12,12,20,20,15,17,14,17,14,14,17,19,15,15
N1,J25,KA4,13,13,14,14,19,19,15,15,13,15,13,13,16,17,15,15,12,12,14,14,14,17,15,15
N1,J25,KA5,13,13,12,12,NA,NA,15,16,15,15,12,15,17,19,15,15,14,17,14,14,17,19,15,15
N1,J25,KA6,12,13,12,14,19,19,15,16,13,13,13,13,17,20,15,15,14,17,14,14,17,17,15,15
N1,J25,KA7,13,13,13,14,15,15,15,16,13,15,12,15,17,18,15,17,14,17,16,16,14,14,15,15
N1,J25,KA8,12,14,12,14,15,17,15,15,15,15,13,13,19,19,15,15,14,17,14,14,14,17,15,15
N1,J25,KA9,13,14,14,14,15,15,15,16,13,15,12,15,18,20,15,17,14,17,14,14,14,17,15,15
N1,J25,KA10,13,13,12,12,15,17,15,15,15,15,12,12,17,19,15,15,14,17,14,14,17,19,15,15
N1,J26,MS1,13,14,12,14,15,15,15,15,NA,NA,12,12,15,20,15,15,14,17,NA,NA,14,17,15,15
N1,J26,MS2,14,14,12,14,15,15,15,15,13,15,12,12,18,19,15,15,12,12,14,14,14,17,15,15
N1,J26,MS3,13,14,12,12,NA,NA,16,16,NA,NA,12,15,20,21,15,15,12,12,NA,NA,17,19,15,15
N1,J26,MS4,14,14,13,13,NA,NA,15,15,13,13,12,12,16,17,15,15,12,12,14,14,17,17,15,15
N1,J26,MS5,13,14,12,15,19,19,15,15,13,13,13,13,16,17,15,15,14,17,14,14,14,14,15,15
N1,J26,MS6,14,14,12,16,15,15,15,15,13,15,12,12,15,19,15,15,14,17,14,19,17,17,15,15
N1,J26,MS7,13,13,12,13,15,15,15,15,15,15,12,12,17,19,15,15,14,17,14,14,17,23,15,15
N1,J26,MS8,13,13,13,16,15,19,14,15,15,15,12,15,19,19,15,15,14,17,14,14,14,17,15,15
N1,J26,MS9,13,14,13,14,15,19,15,15,13,15,12,15,16,20,15,17,14,17,14,14,17,23,15,15
N1,J28,SS1,13,13,12,13,17,17,15,15,13,15,12,12,18,19,15,17,14,17,14,16,17,19,16,16
N1,J28,SS2,13,13,12,13,15,15,15,15,15,15,12,15,15,21,15,15,14,17,14,14,17,17,15,16
N1,J28,SS3,13,13,13,13,15,15,13,14,13,15,12,15,17,18,15,17,14,17,14,14,17,17,15,16
N1,J28,SS4,13,14,12,13,NA,NA,15,15,13,13,15,15,19,20,15,17,12,17,16,16,16,17,15,16
N1,J28,SS5,13,13,12,13,15,17,14,15,13,13,12,15,17,20,15,15,14,17,14,14,17,17,16,16
N1,J28,SS6,13,13,13,14,NA,NA,15,15,13,13,12,12,17,20,15,17,12,14,14,14,16,19,15,15
N1,J28,SS7,13,13,12,13,NA,NA,15,15,13,13,13,13,17,17,15,19,14,17,14,14,16,17,15,15
N1,J28,SS8,13,13,13,14,15,15,15,15,13,15,15,15,19,19,15,15,14,17,14,14,16,19,15,16
N2,J01,AO1,13,13,14,14,15,15,14,15,13,15,12,12,19,19,15,17,14,17,14,14,17,19,15,16
N2,J01,AO2,13,13,14,14,15,15,15,16,13,15,12,12,19,19,15,17,14,17,14,14,17,17,15,16
N2,J01,AO3,13,13,14,14,NA,NA,15,15,13,15,12,12,19,19,15,15,12,17,14,14,14,19,15,16
N2,J01,AO4,13,13,14,15,NA,NA,15,16,13,15,12,12,19,19,17,17,12,17,14,14,14,16,15,15
N2,J01,AO5,13,13,14,14,17,17,15,15,13,13,12,13,19,19,15,17,14,17,14,14,14,17,15,15
N2,J01,AO6,13,13,14,14,15,15,15,15,13,15,12,13,18,18,15,17,14,17,14,14,14,19,15,15
N2,J01,AO7,12,13,14,14,15,15,15,15,13,13,12,13,18,19,15,17,14,17,14,14,14,14,15,15
N2,J01,AO8,13,13,14,14,15,15,15,16,13,15,12,12,19,19,15,17,14,17,14,14,14,14,15,15
N2,J01,AO9,13,13,14,14,15,15,15,15,13,13,12,13,18,19,15,17,14,17,14,14,14,17,15,16
N2,J01,AO10,13,13,14,14,15,15,15,15,13,13,12,12,19,19,15,15,14,17,14,14,14,16,15,16
N2,J01,AO11,13,13,14,14,15,15,15,16,13,15,12,12,18,19,15,17,14,17,14,14,14,17,15,16
N2,J01,AO12,13,13,14,14,15,15,15,16,13,13,12,12,19,20,15,17,14,17,14,14,14,17,15,15
N2,J01,AO13,13,13,14,15,15,15,15,15,13,15,12,12,19,19,15,15,14,17,14,14,14,14,15,16
N2,J02,TSU1,13,13,14,14,NA,NA,15,16,13,13,12,12,19,19,15,15,14,17,14,14,14,17,16,16
N2,J02,TSU2,13,13,14,14,15,15,15,16,13,13,12,12,19,19,15,15,14,17,14,14,14,17,16,16
N2,J02,TSU3,13,13,14,14,15,15,15,15,13,13,12,12,17,19,15,15,14,17,14,14,14,17,16,16
N2,J02,TSU4,13,13,14,14,15,15,15,15,13,13,12,12,19,19,15,17,14,17,14,14,14,17,16,16
N2,J02,TSU5,13,13,13,14,NA,NA,15,15,13,15,12,12,19,19,15,15,14,17,14,14,14,17,16,16
N2,J02,TSU6,13,13,13,14,15,15,16,16,13,13,12,13,19,19,15,15,14,17,14,14,14,14,16,16
N2,J02,TSU7,13,13,14,14,15,15,15,15,13,13,12,12,19,19,15,17,14,17,14,14,14,17,15,16
N2,J04,NO1,13,13,13,13,NA,NA,15,15,15,15,12,12,19,19,15,15,14,17,14,14,17,17,15,15
N2,J04,NO2,13,13,14,14,15,15,15,16,13,15,13,13,19,19,15,15,14,17,14,14,17,17,15,15
N2,J04,NO3,13,13,14,14,15,15,15,15,13,13,13,13,18,19,15,15,14,17,14,14,14,17,15,15
N2,J04,NO4,13,13,13,14,15,15,15,15,13,13,13,13,19,20,15,17,14,17,14,14,14,17,15,15
N2,J04,NO5,13,13,13,14,15,15,15,15,13,13,13,13,17,19,15,17,14,17,14,14,14,14,15,15
N2,J04,NO6,13,13,13,14,15,15,16,16,13,13,12,12,19,19,15,15,14,17,14,14,14,17,15,15
N2,J04,NO7,13,13,14,14,15,15,15,16,13,13,13,13,17,17,15,19,14,17,14,14,14,17,15,15
N2,J04,NO8,13,13,14,14,15,15,15,15,13,13,12,12,19,20,15,15,14,17,14,14,17,17,15,15
N2,J04,NO9,13,13,14,14,15,15,15,15,13,13,12,12,18,18,15,17,14,17,14,14,14,17,15,15
N2,J04,NO10,13,13,14,14,15,19,15,15,13,15,12,12,18,20,15,15,14,17,14,14,14,14,15,16
N2,J05,IO1,13,13,14,14,NA,NA,15,15,13,15,12,15,15,15,19,19,12,17,14,19,14,17,15,16
N2,J05,IO2,13,13,14,14,15,15,15,15,13,13,12,12,17,19,15,17,14,17,14,14,17,17,16,16
N2,J05,IO3,13,13,14,14,NA,NA,15,15,13,15,13,13,17,19,15,15,14,17,14,14,14,17,16,16
N2,J05,IO4,13,13,14,14,NA,NA,15,15,13,13,12,12,19,19,15,15,14,17,14,14,14,17,16,16
N2,J05,IO5,13,13,14,14,NA,NA,15,15,13,13,12,12,17,19,15,15,14,17,14,14,14,14,16,16
N2,J05,IO6,13,13,14,14,15,15,14,15,13,15,12,12,17,18,15,15,14,17,14,19,17,17,16,16
N2,J05,IO7,13,13,14,14,15,15,15,15,13,13,12,12,17,18,15,15,14,17,14,14,14,14,16,16
N2,J05,IO8,13,13,13,14,NA,NA,15,15,13,15,13,13,17,19,15,15,14,17,14,14,14,17,16,16
N2,J05,IO9,13,14,14,14,19,19,15,15,13,13,12,15,15,15,14,15,12,17,14,14,17,17,16,16
N2,J05,IO10,13,13,14,14,15,15,15,15,13,13,12,12,18,19,15,17,14,17,14,14,14,14,16,16
N2,J05,IO11,13,13,14,14,NA,NA,15,16,13,13,12,13,17,19,15,17,14,17,14,14,14,14,16,16
N2,J05,IO12,13,13,14,14,19,19,15,17,13,13,12,12,17,18,15,15,14,17,14,14,14,14,16,16
N2,J05,IO13,13,13,14,14,15,19,15,15,13,13,12,12,17,19,15,15,14,17,14,14,17,17,15,15
N2,J05,IO14,13,13,14,14,15,15,15,15,13,13,12,12,18,19,15,17,14,17,14,14,14,17,15,16
N2,J05,IO15,13,13,14,14,15,15,15,15,13,13,12,12,17,17,15,19,14,17,14,14,14,17,15,15
N2,J05,IO16,13,13,14,14,15,15,15,15,13,13,12,12,18,19,15,15,14,17,14,14,14,14,15,15
N2,J05,IO17,13,13,12,12,NA,NA,15,15,13,13,13,13,18,19,15,15,14,17,14,14,14,17,15,15
N2,J05,IO18,13,13,14,14,15,15,15,15,13,15,12,12,19,19,15,17,14,17,14,14,14,17,16,16
N2,J06,MA1,13,13,13,15,17,17,16,16,13,15,13,13,17,21,15,15,12,12,14,14,14,16,15,16
N2,J06,MA2,13,13,13,15,17,17,16,16,13,15,12,12,17,21,15,19,12,12,14,14,14,16,15,16
N2,J06,MA3,13,13,13,15,15,15,15,15,13,15,12,12,18,19,15,15,14,17,NA,NA,14,16,15,15
N2,J06,MA4,13,13,13,15,NA,NA,15,16,13,15,12,12,18,20,15,15,14,17,14,14,14,14,15,16
N2,J06,MA5,13,13,14,14,19,19,15,15,15,15,12,12,19,19,15,15,14,17,14,14,16,16,15,15
N2,J06,MA6,12,13,14,14,NA,NA,15,15,13,15,12,12,19,19,15,15,14,17,14,14,16,19,15,16
N2,J06,MA7,13,13,13,14,17,17,14,15,13,15,13,13,19,19,15,17,14,17,14,14,16,16,15,15
N2,J06,MA8,13,13,13,14,17,17,14,15,15,15,13,13,17,18,15,15,14,17,14,14,14,14,15,15
N2,J06,MA9,13,13,14,14,19,19,15,15,13,15,12,12,19,19,15,15,14,17,14,14,16,17,15,15
N2,J06,MA10,13,13,14,14,15,15,15,15,15,15,12,12,19,19,15,17,14,17,14,14,14,17,15,15
N2,J08,KOY1,13,13,13,13,15,15,14,15,13,15,12,12,21,21,15,15,14,17,14,14,16,17,15,15
N2,J08,KOY2,13,13,13,13,17,17,15,16,13,15,12,12,19,20,15,15,14,17,14,14,17,17,15,15
N2,J08,KOY3,13,13,14,15,15,15,15,15,13,13,13,13,19,19,15,15,14,17,14,14,14,17,15,15
N2,J08,KOY4,13,13,13,15,15,19,15,15,13,13,12,15,17,19,15,15,14,17,14,14,17,19,15,15
N2,J08,KOY5,13,13,13,15,15,15,15,15,13,13,12,12,19,21,15,17,14,17,14,14,14,16,15,15
N2,J08,KOY6,13,13,13,14,NA,NA,15,15,13,15,13,13,19,21,15,15,14,17,NA,NA,16,19,15,15
N2,J08,KOY7,13,13,13,13,17,17,15,15,13,15,12,12,19,19,15,15,14,17,14,14,14,16,15,15
N2,J08,KOY8,13,13,13,14,15,15,15,15,13,13,12,12,17,19,15,15,14,17,14,14,14,16,15,15
N2,J08,KOY9,13,13,12,14,15,19,14,15,13,15,12,12,19,20,15,15,14,17,14,14,14,19,15,15
N2,J08,KOY10,13,13,13,14,NA,NA,14,15,13,15,12,12,19,20,15,17,14,17,14,14,16,17,15,15
N2,J10,BI1,13,13,13,14,19,19,15,15,15,15,13,13,18,19,15,17,14,17,14,14,14,17,15,16
N2,J10,BI2,13,13,13,14,19,19,14,15,13,15,12,12,15,19,15,17,12,17,14,14,17,19,15,15
N2,J10,BI3,13,13,13,13,15,19,15,16,15,15,12,12,18,19,15,15,12,14,14,14,17,17,16,16
N2,J10,BI4,13,14,12,14,15,15,15,15,15,15,13,13,15,19,15,17,12,14,14,14,14,17,16,16
N2,J10,BI5,13,13,12,13,15,15,15,15,15,15,12,12,18,18,15,17,12,14,14,14,14,17,16,16
N2,J10,BI6,13,13,14,15,15,15,15,15,13,15,12,12,17,19,15,17,14,17,14,14,14,16,16,16
N2,J10,BI7,13,13,12,13,15,15,15,15,15,15,12,12,15,18,15,17,14,17,14,14,14,19,16,16
N2,J10,BI8,13,13,14,14,15,15,15,15,15,15,12,12,19,21,15,15,14,17,14,14,16,19,16,16
N2,J10,BI9,13,14,12,14,15,19,15,15,15,15,12,12,18,19,15,15,14,17,14,14,14,16,16,16
N2,J10,BI10,13,13,13,14,15,15,14,15,15,15,13,13,19,19,15,15,14,17,14,14,16,19,15,15
N3,R01,JB1,12,12,12,13,15,15,15,15,15,15,12,12,19,19,15,15,12,17,14,14,19,19,15,15
N3,R01,JB2,13,14,12,13,19,19,15,16,13,15,12,12,15,18,15,17,12,17,14,14,14,16,15,15
N3,R01,JB3,13,14,13,13,15,19,15,16,15,15,12,12,15,18,14,15,12,17,14,14,14,16,15,15
N3,R01,JB4,13,14,13,13,15,19,15,16,15,15,12,12,15,15,15,17,12,17,14,19,14,16,15,15
N3,R01,JB5,13,14,13,13,15,19,15,16,15,15,12,12,15,18,14,15,12,17,14,14,14,16,15,15
N3,R01,JB6,13,14,13,13,15,19,15,16,15,15,12,12,15,15,14,15,12,12,14,14,14,17,15,15
N3,R01,JB7,13,14,13,13,15,19,15,16,15,15,12,12,15,18,14,15,12,17,14,14,14,16,15,15
N3,R01,JB8,13,14,13,13,15,19,15,16,15,15,12,12,15,18,14,15,12,12,14,14,14,16,15,15
N3,R01,JB9,13,14,12,13,15,19,15,16,13,15,12,12,15,18,14,15,12,17,14,14,14,16,15,15
N3,R01,JB10,13,14,13,14,15,19,15,16,15,15,12,12,15,17,14,15,12,17,14,14,14,19,15,15
N3,R01,JB11,13,14,13,13,NA,NA,15,15,15,15,12,12,15,15,14,15,12,12,14,14,16,16,15,15
N3,R01,JB12,13,13,12,13,15,19,15,15,15,15,12,12,15,17,14,15,12,17,14,14,16,16,15,15
N3,R01,JB13,13,14,12,13,NA,NA,15,15,13,15,12,12,15,17,15,17,12,17,14,14,16,16,15,15
N3,R01,JB14,13,14,12,15,NA,NA,15,15,13,15,12,12,15,15,14,15,12,17,19,19,16,17,15,15
N3,R01,JB15,13,14,13,13,NA,NA,15,15,15,15,12,12,15,15,14,15,12,17,NA,NA,16,16,15,15
N3,R01,JB16,13,13,12,13,15,19,15,15,15,15,12,12,15,15,14,15,12,17,14,14,16,16,15,15
N3,R02,MN1,12,12,13,13,NA,NA,13,15,13,15,12,12,16,18,14,14,11,17,14,14,15,16,16,19
N3,R02,MN2,12,13,12,12,20,20,14,14,15,15,12,12,13,13,14,15,12,12,14,14,16,16,15,15
N3,R02,MN3,12,13,13,13,15,15,14,14,15,15,12,12,14,16,14,14,12,12,14,14,15,16,15,15
N3,R02,MN4,12,12,13,15,15,19,14,14,13,15,12,12,13,14,14,17,12,12,14,14,14,19,15,15
N3,R02,MN5,12,12,15,15,NA,NA,14,14,13,15,12,15,15,18,14,17,12,12,14,14,15,19,15,15
N3,R02,MN6,12,13,13,15,15,19,14,14,13,15,12,15,13,16,14,14,12,12,14,14,14,15,15,15
N3,R02,MN7,13,13,13,15,NA,NA,14,14,13,13,12,15,14,14,17,17,12,17,14,14,14,16,15,15
N3,R02,MN8,13,13,13,15,16,16,14,14,13,15,12,12,14,14,14,17,12,12,14,14,15,16,15,15
N3,R02,MN9,12,13,13,13,15,15,14,14,15,15,12,12,14,16,14,17,12,17,14,14,16,16,15,15
N3,R02,MN10,12,12,12,12,16,19,14,14,15,15,12,12,14,16,14,17,12,12,14,14,16,16,15,15
N3,R02,MN11,13,13,12,15,16,16,14,15,13,13,12,15,14,14,14,14,12,12,14,14,14,16,15,15
N3,R02,MN12,12,12,12,15,15,16,14,14,13,15,12,12,14,16,15,17,12,17,14,14,15,16,15,15
N3,R02,MN13,12,13,12,13,15,15,15,16,15,15,12,15,16,16,14,17,12,12,14,14,14,16,15,15
N3,R02,MN14,12,12,13,15,18,19,13,15,13,13,12,12,16,18,14,14,11,17,14,14,15,16,16,19
N3,R02,MN15,13,13,13,14,15,15,14,15,13,13,12,12,13,12,14,14,12,17,14,14,14,16,15,15
N3,R02,MN16,12,13,13,15,20,20,14,14,15,15,12,12,12,15,15,17,12,17,14,14,16,19,15,15
N3,R02,MN17,12,13,12,13,15,15,14,14,15,15,12,12,12,13,14,14,12,17,14,14,15,19,15,15
N3,R02,MN18,12,13,12,13,19,19,14,14,15,15,12,12,14,16,14,17,12,17,19,19,14,16,15,15
N3,R02,MN19,13,13,13,14,15,15,14,14,13,15,12,15,13,23,17,17,12,17,14,14,16,16,15,15
N3,R02,MN20,13,13,13,14,17,17,14,14,13,15,12,12,14,15,14,15,12,17,14,14,15,16,15,15
N3,R02,MN21,12,13,13,13,15,15,14,14,13,15,12,12,14,14,14,17,12,17,14,14,16,16,15,15
N3,R02,MN22,13,13,12,12,20,20,14,14,13,15,12,12,14,15,14,17,12,17,14,14,14,14,15,15
N3,R02,MN23,12,13,12,13,19,19,14,15,15,15,12,12,15,16,14,14,12,17,14,16,16,19,15,15
N3,R02,MN24,12,13,12,12,15,16,14,14,13,13,12,12,14,16,14,14,12,17,14,14,16,16,15,15
N3,R02,MN25,12,12,13,14,15,16,14,14,15,15,12,12,16,16,14,15,12,12,14,14,14,14,15,15
N3,R02,MN26,13,13,13,15,NA,NA,14,15,13,15,12,15,16,16,14,15,12,12,14,14,14,19,15,15
N3,R02,MN27,12,13,12,13,17,20,14,15,13,15,12,12,15,15,14,17,12,12,14,14,14,14,15,15
N3,R02,MN28,13,13,12,13,16,20,14,14,13,15,12,15,15,15,17,17,12,17,14,14,14,16,15,15
N3,R02,MN29,12,13,12,13,15,15,14,14,15,15,12,15,16,16,14,14,12,12,14,14,14,19,15,15
N3,R02,MN30,12,12,12,15,15,20,14,14,13,13,12,15,13,16,14,14,12,17,14,14,14,16,15,15
N3,R02,MN31,12,12,13,14,15,16,14,14,13,15,12,12,15,15,17,17,12,12,14,14,16,16,15,15
N3,R02,MN32,13,13,13,15,NA,NA,14,14,15,15,12,15,16,16,14,15,12,12,14,14,14,19,15,15
N3,R02,MN33,12,13,12,12,15,15,14,14,15,15,12,15,16,16,14,14,12,17,14,14,16,16,15,15
N3,R02,MN34,12,13,15,15,15,15,14,14,13,15,12,12,16,16,14,14,12,12,14,14,15,16,15,15
N3,R02,MN35,12,13,13,13,NA,NA,14,14,15,15,12,12,14,16,17,17,12,12,14,14,14,16,15,15
N3,R02,MN36,12,13,12,13,17,20,14,14,13,13,12,12,14,15,14,17,12,17,14,14,14,14,15,15
N3,R04,SN1,12,12,12,13,16,16,14,16,13,15,12,12,16,18,17,17,12,17,14,14,16,16,15,15
N3,R04,SN2,12,13,12,13,20,20,14,16,13,15,12,12,14,16,17,17,12,17,14,14,16,16,15,15
N3,R04,SN3,12,12,12,12,15,16,14,16,13,13,12,15,14,18,17,17,12,12,14,14,16,16,15,15
N3,R04,SN4,12,12,12,15,15,20,14,16,15,15,15,15,14,20,17,17,12,17,14,14,16,16,15,15
N3,R04,SN5,12,13,12,12,20,20,14,16,15,15,12,15,14,16,17,17,12,17,14,14,16,16,15,15
N3,R04,SN6,12,12,12,15,15,16,14,14,13,15,12,15,14,16,17,17,12,12,14,14,16,16,15,15
N3,R04,SN7,12,12,12,15,19,19,16,16,13,15,12,12,14,16,17,17,12,12,14,14,16,16,15,15
N3,R04,SN8,13,13,12,12,NA,NA,14,16,13,13,12,12,14,16,17,17,12,17,14,14,16,16,15,15
N3,R04,SN9,13,13,12,12,20,20,14,16,13,15,12,15,14,16,17,17,12,17,14,14,16,16,15,15
N3,R04,SN10,12,13,12,12,16,19,14,16,13,15,12,15,16,18,17,17,12,12,14,14,16,16,15,15
N3,R04,SN11,12,12,12,12,NA,NA,14,16,13,13,12,12,16,18,17,17,12,12,14,14,16,16,15,15
N3,R04,SN12,12,13,13,15,16,20,14,14,13,15,12,12,14,14,17,17,12,12,14,14,16,16,15,15
N3,R04,SN13,12,12,12,12,16,19,14,14,13,13,12,15,14,16,14,17,12,12,14,19,16,16,15,15
N3,R04,SN14,12,12,12,13,15,16,14,16,13,15,12,12,14,14,17,17,12,17,14,14,16,16,15,15
N3,R04,SN15,12,12,12,12,NA,NA,14,14,15,15,12,12,16,16,14,14,12,17,14,14,16,16,15,15
N3,R04,SN16,12,12,12,13,20,20,14,16,13,15,12,15,14,16,17,17,12,12,14,14,16,16,15,15
N3,R04,SN17,12,12,12,13,16,16,14,16,13,13,12,12,14,18,17,17,12,17,14,14,16,16,15,15
N3,R04,SN18,12,13,12,15,NA,NA,14,14,13,13,12,15,14,16,17,17,12,17,14,14,16,16,15,15
N3,R04,SN19,12,13,12,13,19,19,14,16,13,15,12,15,14,16,17,17,12,12,14,14,16,16,15,15
N3,R04,SN20,12,12,12,12,15,19,14,14,13,13,12,15,14,18,17,17,12,12,14,14,16,16,15,15
N3,R04,SN21,13,13,12,12,NA,NA,14,16,13,15,12,15,14,14,17,17,12,17,14,14,16,16,15,15
N3,R04,SN22,13,13,12,12,16,19,14,14,13,13,12,12,12,15,14,14,12,12,14,14,14,16,15,15
N3,R05,IS1,12,12,13,14,16,18,13,18,13,15,12,12,15,20,14,14,11,12,14,14,17,17,15,15
N3,R05,IS2,12,12,13,13,NA,NA,14,14,15,15,15,15,13,13,14,14,12,12,14,14,16,16,15,15
N3,R05,IS3,12,12,13,14,18,18,13,15,15,15,12,12,16,17,14,14,11,11,14,14,15,16,15,15
N3,R05,IS4,12,12,13,14,16,16,13,15,15,15,12,12,17,19,14,14,11,11,14,14,15,15,15,15
N3,R05,IS5,12,12,14,15,16,17,14,15,15,15,12,12,18,21,14,14,12,17,14,14,15,17,15,15
N3,R05,IS6,12,12,12,13,16,19,14,15,13,15,12,12,13,13,14,14,12,17,14,14,16,16,15,15
N3,R05,IS7,12,12,15,15,16,16,14,15,13,15,12,15,13,13,14,17,12,12,14,14,16,16,15,15
N3,R05,IS8,12,12,13,14,16,17,14,18,15,15,12,12,16,18,14,14,11,12,14,14,15,16,15,15
N3,R05,IS9,12,12,12,15,16,19,16,16,15,15,12,15,19,20,17,17,12,17,14,14,16,16,15,15
N3,R05,IS10,12,12,11,12,16,16,14,14,15,15,12,15,13,14,14,17,12,17,14,14,16,16,15,15
N3,R05,IS11,12,12,13,14,16,16,13,15,13,15,12,12,16,16,14,14,11,11,14,14,15,17,15,15
N3,R05,IS12,12,12,12,12,16,16,14,15,13,15,12,15,13,20,14,15,12,17,14,14,16,18,15,15
N3,R05,IS13,12,12,12,12,16,19,14,14,15,15,12,15,13,20,14,15,12,17,14,14,16,16,15,15
N3,R05,IS14,12,13,12,13,16,19,14,15,15,15,12,15,13,19,15,17,12,12,14,14,16,16,15,15
N3,R05,IS15,12,12,13,14,18,18,13,15,15,15,12,12,17,23,14,17,11,12,14,14,15,17,15,15
N3,R05,IS16,12,12,16,16,16,16,15,16,15,15,12,12,16,18,14,14,12,12,14,14,15,17,15,16
N3,R05,IS17,12,13,13,15,15,16,15,16,15,15,12,12,18,19,15,17,12,12,14,14,16,16,15,15
N3,R05,IS18,12,12,12,12,19,19,14,16,13,15,15,15,14,18,14,14,12,12,14,14,16,16,15,15
N3,R05,IS19,12,12,14,15,16,18,13,15,13,15,12,12,23,23,14,14,11,12,14,14,15,15,15,15
N3,R05,IS20,12,12,13,14,16,17,13,14,15,15,12,12,16,18,14,14,11,11,14,14,15,15,15,15
N3,R05,IS21,12,12,13,14,16,20,13,15,15,15,12,12,19,19,14,14,12,16,NA,NA,15,15,15,15
N3,R05,IS22,13,13,13,14,16,18,14,14,15,15,15,15,13,13,14,15,12,12,14,14,16,16,15,15
N3,R05,IS23,12,12,14,15,16,17,13,15,15,15,12,12,12,19,14,14,12,16,14,19,15,16,15,15
N3,R05,IS24,12,12,14,15,16,16,13,14,15,15,12,12,17,19,14,14,12,17,19,19,15,15,15,16
N3,R05,IS25,12,12,14,16,16,16,14,15,15,15,12,15,13,13,14,14,12,12,14,14,16,16,15,15
N3,R05,IS26,12,12,14,15,16,18,13,15,NA,NA,12,12,19,23,14,14,11,11,14,14,15,15,16,16
N3,R06,IR1,13,13,12,13,19,19,14,15,13,15,12,15,14,14,14,17,12,17,14,14,16,16,15,15
N3,R06,IR2,12,12,12,12,16,16,14,14,13,15,12,15,14,18,14,17,12,17,14,14,15,16,15,15
N3,R06,IR3,12,13,12,15,16,19,15,16,15,15,12,15,13,14,14,17,12,17,14,14,14,16,15,15
N3,R06,IR4,13,13,13,15,16,16,14,15,15,15,12,15,14,16,14,14,12,14,14,19,16,16,15,15
N3,R06,IR5,12,12,12,13,19,19,14,16,15,15,12,12,14,16,14,14,12,12,14,14,16,16,15,15
N3,R06,IR6,13,13,12,12,NA,NA,14,16,15,15,12,15,19,19,14,15,12,12,19,19,14,16,15,15
N3,R06,IR7,12,13,13,15,16,19,14,14,15,15,12,12,15,15,14,15,11,12,14,14,14,15,15,15
N3,R06,IR8,12,13,12,12,15,16,14,14,15,15,12,15,14,18,15,17,12,12,14,14,16,16,15,15
N3,R06,IR9,12,13,13,13,15,16,14,15,15,15,12,15,13,14,14,14,12,17,14,14,16,16,15,15
N3,R06,IR10,12,12,12,13,16,16,14,15,15,15,12,12,14,18,14,17,12,17,14,14,16,16,15,15
N3,R06,IR11,12,12,12,13,16,19,14,14,15,15,12,15,13,14,14,17,12,17,14,19,15,16,15,15
N3,R06,IR12,12,13,12,12,16,16,14,16,13,15,12,15,13,14,14,17,12,17,14,19,15,16,15,15
N3,R06,IR13,12,13,12,15,16,19,14,16,15,15,12,12,15,17,14,14,12,17,14,14,16,16,15,15
N3,R06,IR14,12,12,12,13,16,16,14,14,15,15,15,15,13,16,14,14,12,12,14,14,16,16,15,15
N3,R06,IR15,12,13,12,13,19,20,14,15,15,15,12,12,14,14,14,14,12,17,14,14,16,16,15,15
N3,R06,IR16,12,12,12,12,16,16,14,16,15,15,12,15,13,13,14,17,12,12,14,14,16,16,15,15
N3,R06,IR17,12,12,12,13,16,19,15,16,15,15,12,12,13,14,14,17,12,12,14,14,16,16,15,15
N3,R06,IR18,13,13,12,13,16,19,14,15,15,15,12,12,18,18,14,14,12,17,14,14,16,16,15,15
N3,R06,IR19,13,13,12,13,16,19,15,16,15,15,12,15,14,18,14,14,12,12,14,14,16,16,15,15
N3,R06,IR20,12,13,13,14,16,19,15,16,15,15,15,15,14,16,14,17,12,12,14,14,16,16,15,15
N3,R06,IR21,12,12,12,13,15,15,15,15,15,15,12,12,15,19,14,17,11,11,NA,NA,14,15,15,16
N3,R06,IR22,12,12,13,14,16,17,13,15,15,15,12,12,18,20,14,17,12,17,14,14,15,15,15,16
N3,R06,IR23,12,12,13,14,15,16,13,15,15,15,12,12,20,20,14,15,11,17,14,14,14,16,15,16
N3,R07,JN1,12,12,12,15,16,19,15,15,15,15,15,15,14,15,14,14,12,12,14,14,14,16,15,15
N3,R07,JN2,12,12,15,16,15,19,15,15,15,15,15,15,15,19,14,14,12,12,14,14,14,14,15,15
N3,R07,JN3,12,12,12,16,19,19,15,16,15,15,15,15,15,18,14,14,12,14,14,14,16,16,15,15
N3,R07,JN4,12,12,12,12,19,19,14,14,15,15,15,15,15,18,14,14,12,12,14,14,16,16,14,14
N3,R07,JN5,12,12,12,16,19,19,14,16,15,15,15,15,15,18,14,14,12,12,14,14,14,16,15,15
N3,R07,JN6,12,12,16,16,19,19,16,16,15,15,12,15,15,18,14,14,12,12,14,14,14,16,15,15
N3,R07,JN7,12,12,15,16,16,19,16,16,15,15,12,12,18,18,14,14,12,12,14,14,14,16,15,15
N3,R07,JN8,12,12,12,16,16,19,16,16,15,15,12,12,15,18,14,14,12,12,14,14,14,16,15,15
N3,R07,JN9,12,12,12,16,19,19,16,16,15,15,12,15,18,18,14,14,12,17,14,14,16,16,15,15
N3,R07,JN10,12,13,12,16,19,19,16,16,15,15,12,15,15,15,14,14,12,12,14,14,14,14,15,16
N3,R07,JN11,12,13,12,16,19,19,16,16,15,15,12,15,15,18,14,15,12,17,14,14,16,17,15,15
N3,R07,JN12,12,13,12,15,19,19,16,16,15,15,12,15,18,18,14,14,12,12,14,14,16,16,15,16
N3,R07,JN13,12,13,12,16,19,19,16,16,15,15,12,15,15,18,14,14,12,12,14,14,16,17,15,16
N3,R07,JN14,12,13,12,12,19,19,16,16,15,15,15,15,15,18,14,14,12,12,14,14,16,16,15,16
N3,T01,JT1,12,12,12,12,NA,NA,15,15,15,15,12,15,12,14,14,17,12,17,14,14,16,16,15,15
N3,T01,JT2,12,12,12,14,15,19,15,15,15,15,15,15,12,14,14,17,12,12,14,14,16,16,15,15
N3,T01,JT3,12,12,12,12,15,19,15,15,13,15,15,15,14,14,14,17,12,17,14,14,16,16,15,15
N3,T01,JT4,12,12,12,12,15,19,15,15,15,15,15,15,14,18,14,17,17,17,14,14,16,16,15,15
N3,T01,JT5,12,12,12,14,15,15,15,15,15,15,15,15,12,12,14,17,17,17,14,14,15,15,15,15
N3,T01,JT6,12,12,12,12,15,19,14,15,13,15,12,15,12,16,17,17,12,17,14,14,16,16,15,16
N3,T01,JT7,12,13,12,12,15,19,15,15,15,15,12,12,14,15,17,17,17,17,14,14,16,16,15,16
N3,T01,JT8,12,12,12,12,15,15,15,15,15,15,12,15,12,12,14,14,12,17,14,14,15,16,15,15
N3,T01,JT9,12,12,12,14,19,19,14,15,13,15,15,15,14,18,14,17,12,17,14,14,16,16,15,15
N3,T01,JT10,12,12,12,13,15,15,15,15,15,15,12,12,14,16,17,17,12,17,NA,NA,15,16,15,15
N3,T01,JT11,13,13,12,14,19,19,15,15,15,15,12,15,14,14,14,17,12,17,14,19,16,16,15,15
N3,T01,JT12,12,12,12,12,15,19,15,15,15,15,15,15,12,14,14,17,12,17,14,14,16,16,15,15
N3,T01,JT13,12,12,12,14,19,19,15,15,15,15,15,15,16,18,14,17,12,17,14,14,16,16,15,15
N3,T01,JT14,12,13,12,12,NA,NA,15,15,15,15,15,15,12,15,14,17,12,17,14,14,15,16,15,15
N3,T01,JT15,12,12,12,12,15,19,15,15,15,15,12,15,12,16,14,17,12,17,14,14,16,16,15,15
N3,T01,JT16,12,12,12,12,19,19,14,15,13,15,12,12,12,15,14,14,17,17,14,14,16,16,15,15
N3,T01,JT17,12,12,12,12,15,19,15,15,15,15,12,12,16,16,14,17,17,17,14,14,15,16,15,15
N3,T01,JT18,12,12,14,15,15,19,15,15,15,15,12,12,12,16,14,14,17,17,14,14,16,16,15,16
N3,T02,JX1,12,12,12,12,16,19,15,16,13,15,15,15,14,18,14,17,12,17,NA,NA,16,16,15,15
N3,T02,JX2,12,12,12,12,19,19,15,16,15,15,12,12,18,18,14,14,12,17,14,14,16,16,15,15
N3,T02,JX3,12,13,12,12,15,19,14,15,15,15,12,15,12,18,14,17,17,17,14,14,16,16,16,19
N3,T02,JX4,13,13,12,12,15,19,15,15,13,15,15,15,14,14,17,17,12,17,14,14,16,16,16,19
N3,T02,JX5,12,13,12,14,NA,NA,15,15,13,15,12,15,14,18,14,17,12,17,14,14,16,16,15,15
N3,T02,JX6,12,12,12,14,19,19,15,15,15,15,15,15,14,16,14,14,12,17,14,19,16,16,16,19
N3,T02,JX7,12,13,12,13,15,19,15,15,15,15,12,15,12,19,14,14,12,17,14,14,15,16,15,15
N3,T02,JX8,12,12,12,12,19,19,14,15,15,15,12,15,12,14,14,17,12,17,14,14,16,16,16,19
N3,T02,JX9,12,12,12,14,15,15,15,15,15,15,15,15,12,14,14,17,12,17,14,14,16,16,16,19
N3,T02,JX10,12,12,12,12,15,17,15,16,15,15,12,15,12,14,14,14,17,17,14,14,16,16,16,19
N3,T02,JX11,12,12,12,13,15,15,15,15,13,15,12,15,14,18,14,17,12,17,14,14,16,16,15,15
N3,T02,JX12,12,12,12,14,15,19,14,15,15,15,12,12,12,14,17,17,12,17,14,14,16,16,15,15
